file	id_or_key	quote	verdict	why
data/facilitiesData.ts	DINING-01 The Original Commons	first dining hall - build it to feed the founding class. Serves 350 students.	true	servesPopulation = FOUNDING_BODY 350 on basicNeeds (facilitiesData.ts:58,98-99; foundingData.ts:34; satisfactionSystem.ts:201); not rendered: BuildingInfoPanel.tsx:46-56,107-108 prints "Serves N <label>" and BuildPopup never shows descriptions
data/facilitiesData.ts	DININGHALL-02 Union Square Eatery	Serves 900 more students.	true	rung serves 900 basicNeeds (facilitiesData.ts:74,119-120; satisfactionSystem.ts:137-141); not rendered: BuildingInfoPanel.tsx:46-56,107-108 prints "Serves N <label>" and BuildPopup never shows descriptions
data/facilitiesData.ts	DININGHALL-03 Commons Cafeteria	Serves 1,800 more students.	true	facilitiesData.ts:75,119-120; not rendered: BuildingInfoPanel.tsx:46-56,107-108 prints "Serves N <label>" and BuildPopup never shows descriptions
data/facilitiesData.ts	DININGHALL-04 The Grand Table	Serves 3,000 more students.	true	facilitiesData.ts:76,119-120; not rendered: BuildingInfoPanel.tsx:46-56,107-108 prints "Serves N <label>" and BuildPopup never shows descriptions
data/facilitiesData.ts	DININGHALL-05 Old Well Commons	Serves 5,000 more students.	true	facilitiesData.ts:77,119-120; not rendered: BuildingInfoPanel.tsx:46-56,107-108 prints "Serves N <label>" and BuildPopup never shows descriptions
data/facilitiesData.ts	DININGHALL-06 Waterside Commons	Serves 8,000 more students.	true	facilitiesData.ts:78,119-120; not rendered: BuildingInfoPanel.tsx:46-56,107-108 prints "Serves N <label>" and BuildPopup never shows descriptions
data/facilitiesData.ts	DININGHALL-07 Harborview Market	Serves 12,000 more students.	true	facilitiesData.ts:79,119-120; not rendered: BuildingInfoPanel.tsx:46-56,107-108 prints "Serves N <label>" and BuildPopup never shows descriptions
data/facilitiesData.ts	DININGHALL-08 Central Dining Pavilion	Serves 16,000 more students.	true	facilitiesData.ts:80,119-120; not rendered: BuildingInfoPanel.tsx:46-56,107-108 prints "Serves N <label>" and BuildPopup never shows descriptions
data/facilitiesData.ts	GROCERY-01 Campus Grocery Store	A full grocery store for 17,500 students - a second basic-needs option... Unlocks once the campus passes 8,000	true	basicNeeds 17,500 (facilitiesData.ts:503-504); ladder 'market' at enrolled >= 8,000 (ladderData.ts:209-218; ladderSystem.ts:21-24); rendered only once placed (BuildingInfoPanel.tsx:130), never before purchase (BuildPopup.tsx:430-460)
data/facilitiesData.ts	LIB-T1 Library	Study seats and stacks for 1,200 students.	true	academic 1,200 -> library points (satisfactionSystem.ts:175-179) and breadth adequacy (prestigeSystem.ts:137-148); not rendered: BuildingInfoPanel.tsx:46-56,107-108 prints "Serves N <label>" and BuildPopup never shows descriptions
data/facilitiesData.ts	SCTR-T1 Student Center	Social space for 1,000 students - happier students mean a bigger applicant pool next cycle.	true	social 1,000 (facilitiesData.ts:541-542) -> satisfaction -> trailing-year word of mouth, +/-60% on the next pool (admissionsSystem.ts:110-116,203-209; resolveAdmissions.ts:102,118-123); not rendered: BuildingInfoPanel.tsx:46-56,107-108 prints "Serves N <label>" and BuildPopup never shows descriptions
data/facilitiesData.ts	SCTR-T2 Student Union Expansion	Adds 3,000 more social capacity.	true	social 3,000 (facilitiesData.ts:558-559); not rendered: BuildingInfoPanel.tsx:46-56,107-108 prints "Serves N <label>" and BuildPopup never shows descriptions
data/facilitiesData.ts	REC-T1 Recreation Center	Fitness and intramural space for 1,200 students; a small draw on its own.	vague	feeds social, not health (facilitiesData.ts:578-579; the gym/pool/tennis are the health ones :598,615,631); its only "draw" is prestigeContribution 0.05 = 0.6 pt of the academic target via campus life (prestigeSystem.ts:58-60,170-177); no applicant cohort reads it (cohorts.ts:18-31)
data/facilitiesData.ts	GYM Gym & Fitness Center	Weight room and cardio floor for 4,000 students.	true	health 4,000 (facilitiesData.ts:597-599); not rendered: BuildingInfoPanel.tsx:46-56,107-108 prints "Serves N <label>" and BuildPopup never shows descriptions
data/facilitiesData.ts	POOL Swimming Pool	An outdoor Olympic-length pool and its deck, for 3,000 students.	true	health 3,000 (facilitiesData.ts:614-615); not rendered: BuildingInfoPanel.tsx:46-56,107-108 prints "Serves N <label>" and BuildPopup never shows descriptions
data/facilitiesData.ts	TENNIS-COURTS Tennis Courts	Courts open to 2,000 students.	true	health 2,000 (facilitiesData.ts:630-631); not rendered: BuildingInfoPanel.tsx:46-56,107-108 prints "Serves N <label>" and BuildPopup never shows descriptions
data/facilitiesData.ts	REC-T2 Athletics Complex (a)	a bigger prestige draw. Unlocks at prestige 55+.	true	prestigeContribution 0.10 vs the Rec Center's 0.05 (facilitiesData.ts:214,233); ladder 'regional' at prestige 55 plus the tennis prereq (ladderData.ts:139-149; facilitiesData.ts:643)
data/facilitiesData.ts	REC-T2 Athletics Complex (b)	The chain's capstone: a varsity-grade complex adding 3,500 more capacity	vague	the 3,500 is social (facilitiesData.ts:646-647) while the three rungs before it add health; "varsity-grade" but it is no venue and lifts no team (facilitiesData.ts:207-209; only athleticsVenueReveal buildings host teams, techSystem.ts:363; fieldHouseLift is the only building team lift, studentLifeData.ts:630-643)
data/facilitiesData.ts	ART-GALLERY Art Gallery	A rotating-exhibit gallery for 500 students, and the venue Studio Art's capstone courses exhibit in.	true	social 500 (facilitiesData.ts:665-666); gates SART210-240 (techData.ts:398-400,751-756); also pulls the arts cohort, unstated (cohorts.ts:42,243); not rendered: BuildingInfoPanel.tsx:46-56,107-108 prints "Serves N <label>" and BuildPopup never shows descriptions
data/facilitiesData.ts	ATH-FIELD Multi-Sport Field	shared by every varsity team that plays on grass	false	the field hosts soccer, lacrosse, field hockey and track & field (studentLifeData.ts:203-205,212); football plays in the stadium (:211) and baseball/softball on the diamond (:208-209); track is not a grass sport. 700 social capacity is right (facilitiesData.ts:684-685)
data/facilitiesData.ts	ATH-ARENA Arena	An indoor competition arena for 1,400 students' worth of social capacity, shared by basketball, volleyball and ice hockey.	true	studentLifeData.ts:206-207,216; social 1,400 (facilitiesData.ts:702-703)
data/facilitiesData.ts	ATH-DIAMOND Baseball & Softball Diamond	A regulation diamond for 500 ... shared by baseball and softball.	true	studentLifeData.ts:208-209; facilitiesData.ts:720-721
data/facilitiesData.ts	ATH-NATATORIUM Natatorium	distinct from the rec Swimming Pool, and where swim & dive and water polo compete.	true	separate Buildable from POOL (facilitiesData.ts:207-209); studentLifeData.ts:210,218
data/facilitiesData.ts	ATH-STADIUM Football Stadium	The pinnacle varsity venue ... Revealed only once the football program itself goes varsity.	true	reveal needs a team with venueCategory footballStadium (techSystem.ts:363); only football has it (studentLifeData.ts:211); dearest venue (facilitiesData.ts:278-281)
data/facilitiesData.ts	ATH-FIELDHOUSE Field House	...for every varsity program at once - 800 students' worth of social capacity, and a lift to every team the college fields.	true	fieldHouseLift +3 on every team's coaching quality (studentLifeData.ts:630-643); revealed once any team exists (techSystem.ts:364); rendered only once placed (BuildingInfoPanel.tsx:130), never before purchase (BuildPopup.tsx:430-460)
data/facilitiesData.ts	HLTH-T1 Health & Counseling Center	Care for 2,000 students. Unlocks once the campus passes 1,500 students enrolled.	true	health 2,000 (facilitiesData.ts:794-795); ladder 'town' at 1,500 (ladderData.ts:128-138); health scores full below 1,500 (satisfactionSystem.ts:205-208); not rendered: BuildingInfoPanel.tsx:46-56,107-108 prints "Serves N <label>" and BuildPopup never shows descriptions
data/facilitiesData.ts	HLTH-T2 University Clinic	Full outpatient care for 6,000 more ... the practicum site Nursing's and Pharmacy's clinical coursework trains in. Unlocks ... 6,000	true	NURS210-240 and PHRM230 gate on HLTH-T2 (techData.ts:407-412,759-760); ladder 'city' at 6,000 (ladderData.ts:187-197); not rendered: BuildingInfoPanel.tsx:46-56,107-108 prints "Serves N <label>" and BuildPopup never shows descriptions
data/facilitiesData.ts	HLTH-T3 Medical Center	caring for 30,000 more: where the MD's clerkship year is spent, and a lift to the college's academics and research while it stands. Opens from Year 15, ... past 20,000	true	MED610 gates on HLTH-T3 (techData.ts:413); boosts academics 6 / research 8 x condition (projectData.ts:128; projects.ts:41-45; prestigeSystem.ts:295-301,409,617); fromYear 15 (projects.ts:30); ladder 20,000 (ladderData.ts:244-254). Not rendered: the panel prints "Serves 30,000 care capacity" (BuildingInfoPanel.tsx:51,107-108), so only the ladder line tells the player about the lift
data/facilitiesData.ts	QUAD-T1 Campus Quad	Cheap, and worth it at any size - its contribution never dilutes as enrollment grows.	true	flat +8 on social, not divided by enrollment (facilitiesData.ts:851; satisfactionSystem.ts:143-147,196); $60k (facilitiesData.ts:435); not rendered (BuildingInfoPanel.tsx:110-118 prints the flat figure)
data/facilitiesData.ts	QUAD-T2 Grand Quad & Gardens	A landscaped centerpiece expansion - more flat, non-scaling social satisfaction.	true	flat +12 (facilitiesData.ts:868)
data/facilitiesData.ts	LANDMARK-CAMPANILE The Campanile	A bell tower taller than anything for miles: the college on every postcard, and a clock the town sets its watches by.	true	flavor; what it does (beauty 3, campus-life prestige 0.3) fits "on every postcard" (facilitiesData.ts:920-925; beauty.ts:57-58,83-85; prestigeSystem.ts:170-177). Its applicantPoolBonus 1,500 is cosmetic: added to s.students.applicantPool (techSystem.ts:325), which the summer funnel overwrites (resolveAdmissions.ts:152)
data/facilitiesData.ts	LANDMARK-DOME The Great Dome	A domed rotunda over a reading room, the kind of room people travel to stand in.	vague	"a reading room" reads as study seats; the Dome has no servesPopulation and is mechanically identical to the other two landmarks (facilitiesData.ts:910-926)
data/facilitiesData.ts	LANDMARK-GATE The Triumphal Gate	An arch at the head of the campus with the college's name cut across it: the way every graduate walks out.	true	flavor; same effects as the other landmarks (facilitiesData.ts:910-926)
data/facilitiesData.ts	AMENITY-STATUE The Founder's Statue	The founder in bronze ... and a meeting place from the day it goes up.	true	beauty 0.6 only (facilitiesData.ts:480,886); flavor promises no mechanic
data/facilitiesData.ts	AMENITY-FOUNTAIN The Fountain	somewhere to sit, and the first photograph on every tour.	true	beauty 1 (facilitiesData.ts:481), and beauty does reach the applicant pool (beauty.ts:83-85; admissionsSystem.ts:345-346)
data/facilitiesData.ts	AMENITY-GARDEN The Japanese Garden	Raked gravel round three stones, a koi pond ... the quietest acre on campus.	true	beauty 1.5 (facilitiesData.ts:482); flavor. British "round" (US: "around")
data/facilitiesData.ts	AMENITY-CHAPEL The Chapel	A small stone chapel, used for concerts and quiet as often as for services.	true	beauty 1.5 (facilitiesData.ts:483); flavor
data/facilitiesData.ts	AMENITY-BELLTOWER The Bell Tower	A slim tower with a peal of bells that marks the hours across the campus.	true	beauty 2 (facilitiesData.ts:484); flavor
data/facilitiesData.ts	facility names (all tiles)	Library / Student Center / Gym & Fitness Center / Arena / ...	true	names only (facilitiesData.ts:89,496-821)
data/campusData.ts	DORM-01 Meadow House	The college's first residence hall - build it to give students somewhere to live on campus.	true	capacityBonus 350 (campusData.ts:19,84; techSystem.ts:324); not rendered: BuildingInfoPanel.tsx:615-622 prints only "N beds" for a dorm
data/campusData.ts	DORM-02 Lakeside House	A house of staircases rather than corridors, with a tutor on the ground floor of each. First-years ask for these by name. Adds 500 beds.	true	500 beds (campusData.ts:44,101); flavor; beds reach the pool only through the capacity factor, full at 2,500 beds (admissionsSystem.ts:82-86); not rendered: BuildingInfoPanel.tsx:615-622 prints only "N beds" for a dorm
data/campusData.ts	DORM-03 Riverside House	A residence hall: four stories of ranked windows and balconies under one long roof. Adds 500 beds.	true	500 beds draw 4 stories with balconies (buildingSpec.ts:145-146,168-171,221-227); not rendered: BuildingInfoPanel.tsx:615-622 prints only "N beds" for a dorm
data/campusData.ts	DORM-04 Hillcrest House	Suites behind a proper front door: quieter than the halls, with a kitchen to each floor... Adds 500 beds.	vague	"a kitchen to each floor" suggests self-catering; the rung has no basicNeeds effect (campusData.ts:100-111) and dining is needed for every enrolled student (satisfactionSystem.ts:46,201); not rendered: BuildingInfoPanel.tsx:615-622 prints only "N beds" for a dorm
data/campusData.ts	DORM-05 Cascade House	An apartment block... kitchens and a lock on every door, housing for the upper years. Adds 500 beds.	vague	beds are one pool with no class allocation (satisfactionSystem.ts:211; types capacity) and no dining effect (campusData.ts:100-111); not rendered: BuildingInfoPanel.tsx:615-622 prints only "N beds" for a dorm
data/campusData.ts	DORM-06 Summit House	A residential college: a thousand beds round one formal front door, built in the stone the college keeps for its best... at the old price.	true	1,000 beds, limestone "college" form (buildingSpec.ts:150,157); $14k a bed vs Cascade $13k (campusData.ts:47,51); British "round"; not rendered: BuildingInfoPanel.tsx:615-622 prints only "N beds" for a dorm
data/campusData.ts	DORM-07 Vanguard House	a balcony to every other flat, and the end of the dining hall's hold on the upper years.	false	adds beds only (campusData.ts:52,100-111); basicNeeds still needs a dining seat for every enrolled student whatever their housing (satisfactionSystem.ts:43-49,201). British "flat" (US: "apartment"); not rendered: BuildingInfoPanel.tsx:615-622 prints only "N beds" for a dorm
data/campusData.ts	DORM-08 Sterling House	A high-rise residence hall: twice the beds on more ground, six stories of ranked windows and balconies.	true	1,000 beds vs Riverside 500; 6 stories (buildingSpec.ts:225); not rendered: BuildingInfoPanel.tsx:615-622 prints only "N beds" for a dorm
data/campusData.ts	DORM-09 Crestline House	the residence the college shows visitors, and the one the seniors choose.	vague	no class allocation of beds and no tour/admissions effect: a dorm is capacityBonus only (campusData.ts:100-111; admissionsSystem.ts:82-86); not rendered: BuildingInfoPanel.tsx:615-622 prints only "N beds" for a dorm
data/campusData.ts	DORM-10 Overlook Village	A residential village: a dozen small houses around a shared green, on one large plot.	true	village motif draws 12 lots (buildingMotifs.tsx:2025-2042); not rendered: BuildingInfoPanel.tsx:615-622 prints only "N beds" for a dorm
data/campusData.ts	DORM-11 Ridgeline Village	A residential village: a dozen small houses around a shared green, on one large plot.	true	same motif; not rendered: BuildingInfoPanel.tsx:615-622 prints only "N beds" for a dorm
data/campusData.ts	DORM-12 Meridian Tower	A residential tower with shops and a food hall at street level. Adds 5,000 beds, and feeds 1,500 students from its shops.	true	basicNeeds 1,500 plus 5,000 beds (campusData.ts:61,104-109); not rendered: BuildingInfoPanel.tsx:615-622 prints only "N beds" for a dorm
data/campusData.ts	DORM-13 Beacon Tower	same tower blurb; Adds 5,000 beds, and feeds 1,500	true	campusData.ts:62,104-109; not rendered: BuildingInfoPanel.tsx:615-622 prints only "N beds" for a dorm
data/campusData.ts	DORM-14 Horizon Tower	same tower blurb; Adds 5,000 beds, and feeds 1,500	true	campusData.ts:63,104-109; not rendered: BuildingInfoPanel.tsx:615-622 prints only "N beds" for a dorm
data/campusData.ts	DORM-15 Aurora Tower	same tower blurb; Adds 5,000 beds, and feeds 1,500	true	campusData.ts:64,104-109; not rendered: BuildingInfoPanel.tsx:615-622 prints only "N beds" for a dorm
data/projectData.ts	PROJ-ARTS (a)	the home of the MFA	true	GRADUATE_HOSTS MFAX -> PROJ-ARTS (projectData.ts:99)
data/projectData.ts	PROJ-ARTS (b)	Opens once every Arts & Media course is taught.	vague	also waits for Year 10 (projectData.ts:54; projects.ts:30); rendered only once placed (BuildingInfoPanel.tsx:130), never before purchase (BuildPopup.tsx:430-460)
data/projectData.ts	PROJ-ARTS (c)	A concert hall, two theaters... the building the town comes to the college for	true	flavor; experience +6, beauty 2, arts-cohort pull (projectData.ts:53-54; cohorts.ts:42,243)
data/projectData.ts	PROJ-RESEARCH-PARK (a)	where Landmark Programs are commissioned	false	a Landmark Program runs in a lab (startInitiative.ts:16 refuses anything but facilityType 'lab'); the Park is only the gate that opens the depth (researchData.ts:265-275)
data/projectData.ts	PROJ-RESEARCH-PARK (b)	Laboratories for rent at the edge of campus, to companies... faculty who want to be near the money	vague	no rent or industry income: effects are $45k/wk upkeep and research standing +18 (projectData.ts:59-60); the Treasury has five income lines and none is rent (financeSystem.ts:292-293)
data/projectData.ts	PROJ-RESEARCH-PARK (c)	Opens once every lab on campus has seen an initiative through.	vague	also waits for Year 12 (projectData.ts:60; projects.ts:30,35); rendered only once placed (BuildingInfoPanel.tsx:130), never before purchase (BuildPopup.tsx:430-460)
data/projectData.ts	PROJ-GRADUATE (a)	the home of the six doctorates	true	PHDE/PHDS/PHDH/PHDC/PHDL/PHDB -> PROJ-GRADUATE (projectData.ts:103-108)
data/projectData.ts	PROJ-GRADUATE (b)	Opens once any school's undergraduate courses are all taught.	vague	also waits for Year 15 (projectData.ts:68; projects.ts:30); rendered only once placed (BuildingInfoPanel.tsx:130), never before purchase (BuildPopup.tsx:430-460)
data/projectData.ts	PROJ-GRADUATE (c)	A quadrangle of its own for graduate students, with a hall to dine in and a tower to be seen from	true	flavor; no graduate population is modeled (projectData.ts:65-66; techData.ts:421-423)
data/projectData.ts	PROJ-LAW (a)	A courthouse of a building, with a moot court, a law library... the home of the School of Law.	true	LAWS -> PROJ-LAW (projectData.ts:101); flavor
data/projectData.ts	PROJ-LAW (b)	Opens once every Social Sciences & Humanities course is taught.	vague	also waits for Year 15 (projectData.ts:74; projects.ts:30); rendered only once placed (BuildingInfoPanel.tsx:130), never before purchase (BuildPopup.tsx:430-460)
data/projectData.ts	PROJ-BUSINESS (a)	Glass, a trading floor and an atrium where recruiters wait: the home of the MBA.	true	MBAX -> PROJ-BUSINESS (projectData.ts:102); flavor
data/projectData.ts	PROJ-BUSINESS (b)	Opens once every Business course is taught.	vague	also waits for Year 15 (projectData.ts:80; projects.ts:30); rendered only once placed (BuildingInfoPanel.tsx:130), never before purchase (BuildPopup.tsx:430-460)
data/projectData.ts	PROJ-MUSEUM (a)	Fifty years of gifts, loans and bequests finally in one place and on show	vague	opens from Year 40, or Year 35 at prestige 100, and takes 144 weeks (projectData.ts:38-40,85-86; projects.ts:15-17): usually 38-45 years, not fifty; no collection of gifts is modeled
data/projectData.ts	PROJ-MUSEUM (b)	a museum that schoolchildren are taken to and graduates bring their own children back to.	true	flavor; experience 6, academics 3, beauty 3 (projectData.ts:85-86)
data/techData.ts	BLDG-GENSTUDIES Founders Hall	The founding hall, standing since the college opened: 6 program slots, three of them teaching from the first day.	true	three founding programs ENGL/MATH/ECON (foundingData.ts:56); 6 slots (techData.ts:800); not rendered: the hall panel shows its slots (BuildingInfoPanel.tsx:504-507)
data/techData.ts	HALL-01 Elm Hall	An academic hall with 6 program slots. Six programs of one school, housed together, found that school.	true	a dedicated hall awards school-founded (techSystem.ts:576-582; schools.ts); 6 slots (techData.ts:819); not rendered (BuildingInfoPanel.tsx:504-507)
data/techData.ts	HALL-02 Oak Hall	An academic hall with 6 program slots. Six programs of one school, housed together, found that school.	true	a dedicated hall awards school-founded (techSystem.ts:576-582; schools.ts); 6 slots (techData.ts:819); not rendered (BuildingInfoPanel.tsx:504-507)
data/techData.ts	HALL-03 Linden Hall	An academic hall with 6 program slots. Six programs of one school, housed together, found that school.	true	a dedicated hall awards school-founded (techSystem.ts:576-582; schools.ts); 6 slots (techData.ts:819); not rendered (BuildingInfoPanel.tsx:504-507)
data/techData.ts	HALL-04 Maple Hall	An academic hall with 6 program slots. Six programs of one school, housed together, found that school.	true	a dedicated hall awards school-founded (techSystem.ts:576-582; schools.ts); 6 slots (techData.ts:819); not rendered (BuildingInfoPanel.tsx:504-507)
data/techData.ts	HALL-05 Chestnut Hall	An academic hall with 6 program slots. Six programs of one school, housed together, found that school.	true	a dedicated hall awards school-founded (techSystem.ts:576-582; schools.ts); 6 slots (techData.ts:819); not rendered (BuildingInfoPanel.tsx:504-507)
data/techData.ts	HALL-06 Sycamore Hall	An academic hall with 6 program slots. Six programs of one school, housed together, found that school.	true	a dedicated hall awards school-founded (techSystem.ts:576-582; schools.ts); 6 slots (techData.ts:819); not rendered (BuildingInfoPanel.tsx:504-507)
data/techData.ts	LAB-CHEN Chemical Engineering Labs	Specialized lab space - gates the Chemical Engineering program's capstone (tier-3) coursework, and lets the college produce research.	true	tier-3 prereq (techData.ts:750-756); research only where a lab stands (researchData.ts:42-54; startInitiative.ts:16); +12% campus research rate (techData.ts:387; researchData.ts:59-64); not rendered: panel prints "+12% research output" (BuildingInfoPanel.tsx:120-128)
data/techData.ts	LAB-CHEM Chemistry Labs	Specialized lab space - gates the Chemistry program's capstone (tier-3) coursework, and lets the college produce research.	true	tier-3 prereq (techData.ts:750-756); research only where a lab stands (researchData.ts:42-54; startInitiative.ts:16); +12% campus research rate (techData.ts:387; researchData.ts:59-64); not rendered: panel prints "+12% research output" (BuildingInfoPanel.tsx:120-128)
data/techData.ts	LAB-BIOL Biology Labs	Specialized lab space - gates the Biology program's capstone (tier-3) coursework, and lets the college produce research.	true	tier-3 prereq (techData.ts:750-756); research only where a lab stands (researchData.ts:42-54; startInitiative.ts:16); +12% campus research rate (techData.ts:387; researchData.ts:59-64); not rendered: panel prints "+12% research output" (BuildingInfoPanel.tsx:120-128)
data/techData.ts	LAB-PHYS Physics Labs	Specialized lab space - gates the Physics program's capstone (tier-3) coursework, and lets the college produce research.	true	tier-3 prereq (techData.ts:750-756); research only where a lab stands (researchData.ts:42-54; startInitiative.ts:16); +12% campus research rate (techData.ts:387; researchData.ts:59-64); not rendered: panel prints "+12% research output" (BuildingInfoPanel.tsx:120-128)
data/techData.ts	LAB-MECH Mechanical Engineering Labs	Specialized lab space - gates the Mechanical Engineering program's capstone (tier-3) coursework, and lets the college produce research.	true	tier-3 prereq (techData.ts:750-756); research only where a lab stands (researchData.ts:42-54; startInitiative.ts:16); +12% campus research rate (techData.ts:387; researchData.ts:59-64); not rendered: panel prints "+12% research output" (BuildingInfoPanel.tsx:120-128)
data/techData.ts	LAB-ELEC Electrical Engineering Labs	Specialized lab space - gates the Electrical Engineering program's capstone (tier-3) coursework, and lets the college produce research.	true	tier-3 prereq (techData.ts:750-756); research only where a lab stands (researchData.ts:42-54; startInitiative.ts:16); +12% campus research rate (techData.ts:387; researchData.ts:59-64); not rendered: panel prints "+12% research output" (BuildingInfoPanel.tsx:120-128)
data/techData.ts	LAB-CIVE Civil Engineering Labs	Specialized lab space - gates the Civil Engineering program's capstone (tier-3) coursework, and lets the college produce research.	true	tier-3 prereq (techData.ts:750-756); research only where a lab stands (researchData.ts:42-54; startInitiative.ts:16); +12% campus research rate (techData.ts:387; researchData.ts:59-64); not rendered: panel prints "+12% research output" (BuildingInfoPanel.tsx:120-128)
data/techData.ts	LAB-AERO Aerospace Engineering Labs	Specialized lab space - gates the Aerospace Engineering program's capstone (tier-3) coursework, and lets the college produce research.	true	tier-3 prereq (techData.ts:750-756); research only where a lab stands (researchData.ts:42-54; startInitiative.ts:16); +12% campus research rate (techData.ts:387; researchData.ts:59-64); not rendered: panel prints "+12% research output" (BuildingInfoPanel.tsx:120-128)
data/techData.ts	LAB-NEUR Neuroscience Labs	Specialized lab space - gates the Neuroscience program's capstone (tier-3) coursework, and lets the college produce research.	true	tier-3 prereq (techData.ts:750-756); research only where a lab stands (researchData.ts:42-54; startInitiative.ts:16); +12% campus research rate (techData.ts:387; researchData.ts:59-64); not rendered: panel prints "+12% research output" (BuildingInfoPanel.tsx:120-128)
data/techData.ts	LAB-ECON Experimental Economics Lab	Behavioral labs and market-simulation suites - gates the Economics program's capstone (tier-3) coursework, and lets the college produce research.	true	techData.ts:368-379,725; same gates and research rate as every lab (techData.ts:750-756; researchData.ts:42-64); not rendered (BuildingInfoPanel.tsx:120-128)
data/techData.ts	LAB-COMP Computing Research Center	A compute cluster and research offices - gates the Computer Science program's capstone (tier-3) coursework, and lets the college produce research.	true	techData.ts:368-379,725; same gates and research rate as every lab (techData.ts:750-756; researchData.ts:42-64); not rendered (BuildingInfoPanel.tsx:120-128)
data/techData.ts	LAB-HIST Humanities Research Institute	Archives, reading rooms and a documents collection - gates the History program's capstone (tier-3) coursework, and lets the college produce research.	true	techData.ts:368-379,725; same gates and research rate as every lab (techData.ts:750-756; researchData.ts:42-64); not rendered (BuildingInfoPanel.tsx:120-128)
data/techData.ts	LAB-FILM Media Production Studio	Sound stages, edit bays and a screening theater - gates the Film program's capstone (tier-3) coursework, and lets the college produce research.	true	techData.ts:368-379,725; same gates and research rate as every lab (techData.ts:750-756; researchData.ts:42-64); not rendered (BuildingInfoPanel.tsx:120-128)
data/techData.ts	MED501 (graduate entry course)	Founds the medical school (MD); offered once every Health Science course is taught and the Medical Center stands, and housed there.	true	graduateGateMet = home curriculum complete + host standing (techData.ts:649-655,850); host map (projectData.ts:98-109); founding only into the host (techSystem.ts:canFoundProgram)
data/techData.ts	LAWS501 (graduate entry course)	Founds the law school (JD); offered once every Social Sciences & Humanities course is taught and the Law School stands, and housed there.	true	graduateGateMet = home curriculum complete + host standing (techData.ts:649-655,850); host map (projectData.ts:98-109); founding only into the host (techSystem.ts:canFoundProgram)
data/techData.ts	MBAX501 (graduate entry course)	Founds the MBA program; offered once every Business course is taught and the Business School stands, and housed there.	true	graduateGateMet = home curriculum complete + host standing (techData.ts:649-655,850); host map (projectData.ts:98-109); founding only into the host (techSystem.ts:canFoundProgram)
data/techData.ts	PHDE701 (graduate entry course)	Founds the engineering doctorate (PhD); offered once every Engineering course is taught and the Graduate College stands, and housed there.	true	graduateGateMet = home curriculum complete + host standing (techData.ts:649-655,850); host map (projectData.ts:98-109); founding only into the host (techSystem.ts:canFoundProgram)
data/techData.ts	PHDS701 (graduate entry course)	Founds the natural-sciences doctorate (PhD); offered once every Science course is taught and the Graduate College stands, and housed there.	true	graduateGateMet = home curriculum complete + host standing (techData.ts:649-655,850); host map (projectData.ts:98-109); founding only into the host (techSystem.ts:canFoundProgram)
data/techData.ts	PHDH701 (graduate entry course)	Founds the health-science doctorate (PhD); offered once every Health Science course is taught and the Graduate College stands, and housed there.	true	graduateGateMet = home curriculum complete + host standing (techData.ts:649-655,850); host map (projectData.ts:98-109); founding only into the host (techSystem.ts:canFoundProgram)
data/techData.ts	PHDC701 (graduate entry course)	Founds the computing doctorate (PhD); offered once every Computer Science course is taught and the Graduate College stands, and housed there.	true	graduateGateMet = home curriculum complete + host standing (techData.ts:649-655,850); host map (projectData.ts:98-109); founding only into the host (techSystem.ts:canFoundProgram)
data/techData.ts	PHDL701 (graduate entry course)	Founds the humanities doctorate (PhD); offered once every Social Sciences & Humanities course is taught and the Graduate College stands, and housed there.	true	graduateGateMet = home curriculum complete + host standing (techData.ts:649-655,850); host map (projectData.ts:98-109); founding only into the host (techSystem.ts:canFoundProgram)
data/techData.ts	PHDB701 (graduate entry course)	Founds the economics doctorate (PhD); offered once every Business course is taught and the Graduate College stands, and housed there.	true	graduateGateMet = home curriculum complete + host standing (techData.ts:649-655,850); host map (projectData.ts:98-109); founding only into the host (techSystem.ts:canFoundProgram)
data/techData.ts	MFAX701 (graduate entry course)	Founds the MFA program; offered once every Arts & Media course is taught and the Arts Center stands, and housed there.	true	graduateGateMet = home curriculum complete + host standing (techData.ts:649-655,850); host map (projectData.ts:98-109); founding only into the host (techSystem.ts:canFoundProgram)
data/techData.ts	graduateGateDescription (Curriculum tab head)	every {school} course is taught and {host} stands	true	derived from the same seed the gate reads (techData.ts:660-662)
components/BuildPopup.tsx	builtDetail dorm	{n} beds	true	capacityBonus (BuildPopup.tsx:269)
components/BuildPopup.tsx	builtDetail hall	{n} program slots	true	BuildPopup.tsx:270
components/BuildPopup.tsx	builtDetail chapter house	40 beds	true	CHAPTER_HOUSE_CAPACITY_BONUS 40 (BuildPopup.tsx:273; studentLifeData.ts:64)
components/BuildPopup.tsx	builtDetail quad	+{n} flat	true	flatSatisfactionBonus (BuildPopup.tsx:274-275)
components/BuildPopup.tsx	builtDetail servesPopulation	serves {n}	vague	a bare number with no need named (BuildPopup.tsx:276-277); in the Social tab the gym/pool/tennis "serves" figures are health capacity (facilitiesData.ts:598,615,631)
components/BuildPopup.tsx	builtDetail lab	gates capstone coursework	true	true as far as it goes; omits that a lab enables research and adds +12% (techData.ts:734-737)
components/BuildPopup.tsx	category tabs: Fitness group under "Social"	Social > Fitness: Recreation Center, Gym, Pool, Tennis, Athletics Complex	vague	FACILITY_CATEGORY_OF files gym/tennis/pool as 'social' (facilitiesData.ts:381-389; BuildPopup.tsx:106-111,161-163) but they feed health (facilitiesData.ts:598,615,631); the Health tab holds only the health-center chain
components/BuildPopup.tsx	venue expansion tooltip	Adds {seats} seats for the gate and {serves} of social capacity over {weeks} weeks; the teams keep playing while the work is underway.	vague	seats and the prestige gain count from the first week (expansions++ at start, reducer.ts:851-855; gate.ts:32-37 reads standsOnCampus + venueSeatsOf); only the social capacity waits for completion (types.ts:350-354). "Teams keep playing" is true
components/BuildPopup.tsx	financing: gift	Paid from $X raised for buildings.	true	financingFor prefers restricted gifts (BuildPopup.tsx:414-415; treasury.ts financingFor/giftFunds)
components/BuildPopup.tsx	financing: endowment	Half, $X, from the endowment; the rest in cash.	true	endowmentHalf (BuildPopup.tsx:416-417; projects.ts endowmentHalf; techSystem.ts:297-299)
components/BuildPopup.tsx	financing: loan	Borrows $X, repaid over 15 years at 5%.	true	LOAN_YEARS 15, LOAN_RATE 0.05 (BuildPopup.tsx:418-419; treasury.ts LOAN_RATE/LOAN_YEARS/takeLoan)
components/BuildPopup.tsx	HelpHint: fixed share	A facility serves a fixed share of the enrolled student body, so a bigger class raises the bar for campus life	false	a facility serves a fixed NUMBER (servesPopulation) measured against enrolled x target ratio (satisfactionSystem.ts:137-164); a fixed share could never be diluted, which the same sentence says happens (BuildPopup.tsx:721)
components/BuildPopup.tsx	HelpHint: housing	housing itself is its own need (see ... Housing attribute), not an admissions requirement	vague	not a requirement, but beds scale the whole pool from 0.35x at no beds to 1x at 2,500 (admissionsSystem.ts:78-86)
components/BuildPopup.tsx	HelpHint: collapse	Repeatable types (housing, dining, fitness) collapse what's already finished into one 'Built xN' tile	true	COLLAPSE_BUILT_FROM 2 (BuildPopup.tsx:63,504)
components/BuildPopup.tsx	HelpHint: locked	Anything not yet unlockable is left off rather than teased.	true	locked items filtered (BuildPopup.tsx:164)
components/BuildPopup.tsx	HelpHint: charge on placement	that's the moment the cost is charged and the countdown begins	true	PLACE_BUILDABLE -> startDevelopment charges and starts the clock (techSystem.ts:292-305)
components/BuildPopup.tsx	stall note: frozen	The board has frozen new construction until the college has run two surplus terms with cash in the bank.	true	SURPLUS_TERMS_TO_EXIT 2 and cash > 0 (distress.ts:34,113-115,122-127)
components/BuildPopup.tsx	stall note: negative cash	nothing can be paid for from cash or a loan until the balance recovers. A building the campaign fund covers in full can still start.	true	loanFor needs cash > 0 (treasury.ts loanFor); gift financing needs no cash (treasury.ts financingFor)
components/BuildPopup.tsx	BUILD_WORDS holding strip	Placing: {building} - {cost} - {pay}; paid in cash / part borrowed / paid from gifts / half from the endowment	true	buildWords.ts:4-13 read by BuildPopup.tsx:703-710
components/BuildPopup.tsx	tab and group labels	Academic / Social / Athletics / Housing; Grand Landmark; Monuments & Gardens; Capital Projects	true	labels only (BuildPopup.tsx:37-59,187-192)
components/BuildingInfoPanel.tsx	venue line	{n} social capacity - a shared competition venue, not a rec facility.	true	BuildingInfoPanel.tsx:68-71; venues feed social (facilitiesData.ts:684-757)
components/BuildingInfoPanel.tsx	capacity labels	Serves {n} recreation / fitness / court / pool / gallery capacity	vague	labels hide the need: "recreation capacity" (Rec Center) is social, "fitness/court/pool capacity" are health (BuildingInfoPanel.tsx:46-56; facilitiesData.ts:579,598,615,631)
components/BuildingInfoPanel.tsx	quad line	+{n} flat social satisfaction - no capacity figure; a quad does not scale with enrollment.	true	BuildingInfoPanel.tsx:110-118; satisfactionSystem.ts:143-147
components/BuildingInfoPanel.tsx	lab line	+12% research output - no capacity figure; gates this program's capstone coursework instead.	true	LAB_RESEARCH_RATE_BONUS 0.12 (techData.ts:387; researchData.ts:59-64)
components/BuildingInfoPanel.tsx	Founders Hall line	Where programs begin: they move on to halls of their own school, 4 weeks dark, and the last school sorted keeps this one.	true	FOUNDERS_MOVE_WEEKS 4 (techSystem.ts:452-457)
data/quirkData.ts	beloved-lecturer	Students would follow them into a fire. Publishes nothing.	false	quirkData.ts:26; effects research -10 (quirkData.ts:26) moves the rolled potential (facultyData.ts:768), leaving 35-90; they still produce output and publish on initiatives (researchData.ts:32-40). Teaching +10 / morale +2 fit the first sentence (applied at generation facultyData.ts:766-790, salary facultySystem.ts:44, morale x0.1 capped +/-3 satisfactionSystem.ts:168-171)
data/quirkData.ts	grant-magnet	Writes proposals in their sleep, and occasionally in lectures.	true	quirkData.ts:27; research +12 raises output and team strength, which sizes grants (researchSystem.ts:58-62; researchData.ts:287-294); salary x1.1 (applied at generation facultyData.ts:766-790, salary facultySystem.ts:44, morale x0.1 capped +/-3 satisfactionSystem.ts:168-171)
data/quirkData.ts	never-on-fridays	Or, it is beginning to appear, Thursdays.	true	quirkData.ts:28; teaching -6, salary x0.95 (quirkData.ts:28) (applied at generation facultyData.ts:766-790, salary facultySystem.ts:44, morale x0.1 capped +/-3 satisfactionSystem.ts:168-171)
data/quirkData.ts	harsh-grader	The median is a C, and the median is proud of it.	vague	quirkData.ts:29; the game grades courses A-F on teaching quality (FacultyTab.tsx:100 "Would earn a B on ..."); this quirk makes those grades better (teaching +4), not harsher; morale -2 fits (applied at generation facultyData.ts:766-790, salary facultySystem.ts:44, morale x0.1 capped +/-3 satisfactionSystem.ts:168-171)
data/quirkData.ts	came-for-the-view	Will work for the view. Asks very little else.	true	quirkData.ts:30; salary x0.85 (quirkData.ts:30); nothing reads campus beauty in hiring, but the line promises nothing (applied at generation facultyData.ts:766-790, salary facultySystem.ts:44, morale x0.1 capped +/-3 satisfactionSystem.ts:168-171)
data/quirkData.ts	a-name	People have heard of them. The name costs extra.	vague	quirkData.ts:31; no fame, acclaim or prestige effect: acclaim starts at 0 (facultyData.ts:784) and faculty are not a prestige input (prestigeSystem.ts:49-51); effects are teaching +5, research +8, salary x1.25 (applied at generation facultyData.ts:766-790, salary facultySystem.ts:44, morale x0.1 capped +/-3 satisfactionSystem.ts:168-171)
data/quirkData.ts	office-hours	Holds office hours at the posted time, in the posted room. Legendary.	true	quirkData.ts:32; teaching +6, morale +1 (applied at generation facultyData.ts:766-790, salary facultySystem.ts:44, morale x0.1 capped +/-3 satisfactionSystem.ts:168-171)
data/quirkData.ts	committee-creature	Sits on every committee, chairs three, and calls this service.	vague	quirkData.ts:33; implies administrative aptitude; seats pick by teaching + research (delegation/seats.ts:56) and this quirk lowers both (-4/-4); no service mechanic (applied at generation facultyData.ts:766-790, salary facultySystem.ts:44, morale x0.1 capped +/-3 satisfactionSystem.ts:168-171)
data/quirkData.ts	bench-hermit	Lives in the lab. Students report a lamp under the door.	true	quirkData.ts:34; research +10, teaching -8 (applied at generation facultyData.ts:766-790, salary facultySystem.ts:44, morale x0.1 capped +/-3 satisfactionSystem.ts:168-171)
data/quirkData.ts	teaches-to-the-back-row	Loudly, with props. The props have a budget line.	true	quirkData.ts:35; teaching +8, research -6, salary x1.05 (applied at generation facultyData.ts:766-790, salary facultySystem.ts:44, morale x0.1 capped +/-3 satisfactionSystem.ts:168-171)
data/quirkData.ts	one-book	Twenty years, one book. A terrific book, by every account but the dean's.	true	quirkData.ts:36; research -5, salary x0.9 (applied at generation facultyData.ts:766-790, salary facultySystem.ts:44, morale x0.1 capped +/-3 satisfactionSystem.ts:168-171)
data/quirkData.ts	the-easy-a	The course is always full, everyone leaves happy, and nobody knows anything.	vague	quirkData.ts:37; "The easy A" collides with the A-F course grade, which teaching -5 lowers; "always full": seats per course are fixed and never vary by instructor (instructionCapacity.ts SEATS_PER_COURSE); morale +3 fits "leaves happy" (applied at generation facultyData.ts:766-790, salary facultySystem.ts:44, morale x0.1 capped +/-3 satisfactionSystem.ts:168-171)
data/quirkData.ts	remembers-every-advisee	Their name, their thesis, and which of the two they should have chosen.	true	quirkData.ts:38; teaching +5, morale +2 (applied at generation facultyData.ts:766-790, salary facultySystem.ts:44, morale x0.1 capped +/-3 satisfactionSystem.ts:168-171)
data/quirkData.ts	serial-sabbatical	Applied for a sabbatical the week they arrived. Will apply again.	true	quirkData.ts:39; teaching -3, research +5; no absence mechanic, but the line only jokes (applied at generation facultyData.ts:766-790, salary facultySystem.ts:44, morale x0.1 capped +/-3 satisfactionSystem.ts:168-171)
data/quirkData.ts	the-feud	Has a feud with a rival department that predates the rival department.	true	quirkData.ts:40; research +3, morale -1 (applied at generation facultyData.ts:766-790, salary facultySystem.ts:44, morale x0.1 capped +/-3 satisfactionSystem.ts:168-171)
data/quirkData.ts	office-hours-myth	The hours are posted every term. The office, on the evidence, is not.	true	quirkData.ts:41; teaching -6, morale -1, salary x0.95 (applied at generation facultyData.ts:766-790, salary facultySystem.ts:44, morale x0.1 capped +/-3 satisfactionSystem.ts:168-171)
data/quirkData.ts	brings-the-dog	A spaniel attends every lecture and has the better attendance of the two.	true	quirkData.ts:42; teaching -4, morale +3 (applied at generation facultyData.ts:766-790, salary facultySystem.ts:44, morale x0.1 capped +/-3 satisfactionSystem.ts:168-171)
data/quirkData.ts	answers-by-post	Replies to every email in full, on paper, three weeks later. Thinks beautifully in the meantime.	true	quirkData.ts:43; teaching -4, research +6. Name is British ("by post"; US "by mail") (applied at generation facultyData.ts:766-790, salary facultySystem.ts:44, morale x0.1 capped +/-3 satisfactionSystem.ts:168-171)
data/quirkData.ts	publishes-untranslated	Publishes widely in a language the tenure committee does not read, and has declined to help.	true	quirkData.ts:44; research +6, salary x0.9 (applied at generation facultyData.ts:766-790, salary facultySystem.ts:44, morale x0.1 capped +/-3 satisfactionSystem.ts:168-171)
data/quirkData.ts	former-rock-star	Played bass on a record some of the parents own. The lectures start late and sell out.	true	quirkData.ts:45; teaching +8, research -6, morale +2, salary x1.15 (applied at generation facultyData.ts:766-790, salary facultySystem.ts:44, morale x0.1 capped +/-3 satisfactionSystem.ts:168-171)
data/quirkData.ts	grades-a-b-plus	Every paper, every year, a B+. Nobody complains, and nobody can say why.	vague	quirkData.ts:46; reads as a B-grade course next to the A-F course-grade chips (FacultyTab.tsx:100); the effect is teaching -4 (worse grades), morale +2 (applied at generation facultyData.ts:766-790, salary facultySystem.ts:44, morale x0.1 capped +/-3 satisfactionSystem.ts:168-171)
data/quirkData.ts	shy-of-students	Brilliant on paper, lectures to the far wall. The far wall has learned a great deal.	true	quirkData.ts:47; teaching -8, research +8, salary x0.95 (applied at generation facultyData.ts:766-790, salary facultySystem.ts:44, morale x0.1 capped +/-3 satisfactionSystem.ts:168-171)
data/quirkData.ts	writes-the-textbook	Writes the textbook, assigns the textbook, and revises it every autumn so last year's will not do.	true	quirkData.ts:48; teaching +5, research +4, morale -2. British "autumn" (US "fall") (applied at generation facultyData.ts:766-790, salary facultySystem.ts:44, morale x0.1 capped +/-3 satisfactionSystem.ts:168-171)
data/quirkData.ts	sabbatical-in-spirit	Attends every meeting in body and, at every meeting, is visibly somewhere with a beach.	true	quirkData.ts:49; teaching -5, research -5, salary x0.9 (applied at generation facultyData.ts:766-790, salary facultySystem.ts:44, morale x0.1 capped +/-3 satisfactionSystem.ts:168-171)
data/quirkData.ts	marks-overnight	Essays go in on Monday and come back on Tuesday, annotated in three colors.	true	quirkData.ts:50; teaching +10, research -4, salary x1.05. Name is British ("marks"; US "grades") (applied at generation facultyData.ts:766-790, salary facultySystem.ts:44, morale x0.1 capped +/-3 satisfactionSystem.ts:168-171)
data/quirkData.ts	the-yellowed-notes	Teaches from the same notes for thirty years. They remain, annoyingly, correct.	true	quirkData.ts:51; teaching +4, morale -1, salary x0.9 (applied at generation facultyData.ts:766-790, salary facultySystem.ts:44, morale x0.1 capped +/-3 satisfactionSystem.ts:168-171)
data/quirkData.ts	always-being-courted	Has an offer from somewhere else every spring, and mentions it to the dean in March.	vague	quirkData.ts:52; salary x1.2 is the only effect; the 'star-poached' event picks its professor uniformly from the roster (eventCatalogue.ts:67-80; catalogue.ts rollVars pick(s.faculty)), so this person is no likelier to get an offer (applied at generation facultyData.ts:766-790, salary facultySystem.ts:44, morale x0.1 capped +/-3 satisfactionSystem.ts:168-171)
data/quirkData.ts	undergraduates-in-the-lab	Any undergraduate who asks gets a bench, a project, and their name fourth on a paper.	true	quirkData.ts:53; teaching +6, research +6, morale +2, salary x1.15 (applied at generation facultyData.ts:766-790, salary facultySystem.ts:44, morale x0.1 capped +/-3 satisfactionSystem.ts:168-171)
data/quirkData.ts	ten-minutes-late	Starts every lecture ten minutes late and finishes it twenty minutes over, on principle.	true	quirkData.ts:54; teaching -5, morale -1, salary x0.95 (applied at generation facultyData.ts:766-790, salary facultySystem.ts:44, morale x0.1 capped +/-3 satisfactionSystem.ts:168-171)
data/quirkData.ts	conference-circuit	Gives the same paper at eleven conferences a year, to warm applause at each.	true	quirkData.ts:55; research +5, teaching -6, salary x1.05 (applied at generation facultyData.ts:766-790, salary facultySystem.ts:44, morale x0.1 capped +/-3 satisfactionSystem.ts:168-171)
data/quirkData.ts	knits-in-meetings	Knits through every faculty meeting, and has produced over a decade a blanket the length of the agenda.	true	quirkData.ts:56; morale +1, salary x0.95 (applied at generation facultyData.ts:766-790, salary facultySystem.ts:44, morale x0.1 capped +/-3 satisfactionSystem.ts:168-171)
data/quirkData.ts	taught-someone-famous	Taught somebody famous once, and teaches every class as though it might happen again.	true	quirkData.ts:57; teaching +6, salary x1.05 (applied at generation facultyData.ts:766-790, salary facultySystem.ts:44, morale x0.1 capped +/-3 satisfactionSystem.ts:168-171)
data/quirkData.ts	field-season	Gone from May to September to a dig nobody has seen photographs of. Returns with boxes.	true	quirkData.ts:58; research +7, teaching -4 (applied at generation facultyData.ts:766-790, salary facultySystem.ts:44, morale x0.1 capped +/-3 satisfactionSystem.ts:168-171)
data/quirkData.ts	between-retirements	Has announced a retirement four times, and is currently between announcements.	true	quirkData.ts:59; teaching +4, research -6, salary x1.1; retirement is id-hashed as for anyone (facultySystem.ts:105-117) (applied at generation facultyData.ts:766-790, salary facultySystem.ts:44, morale x0.1 capped +/-3 satisfactionSystem.ts:168-171)
data/quirkData.ts	the-open-door	The door is always open, which is also how the department's biscuits keep leaving.	true	quirkData.ts:60; teaching +4, research -4, morale +2. British "biscuits" (US "cookies") (applied at generation facultyData.ts:766-790, salary facultySystem.ts:44, morale x0.1 capped +/-3 satisfactionSystem.ts:168-171)
data/quirkData.ts	espresso-diplomat	Owns the only working espresso machine in the building, and with it, most of the department's decisions.	true	quirkData.ts:61; research +4, morale +1, salary x1.05 (applied at generation facultyData.ts:766-790, salary facultySystem.ts:44, morale x0.1 capped +/-3 satisfactionSystem.ts:168-171)
data/quirkData.ts	reviewer-two	Is, somewhere, every author's Reviewer Two, and marks undergraduate essays in the same spirit.	true	quirkData.ts:62; research +6, morale -2. British "marks" (US "grades") (applied at generation facultyData.ts:766-790, salary facultySystem.ts:44, morale x0.1 capped +/-3 satisfactionSystem.ts:168-171)
data/quirkData.ts	chalk-only	Refuses every screen and writes on the blackboard with both hands. Is right to.	true	quirkData.ts:63; teaching +6, research -4 (applied at generation facultyData.ts:766-790, salary facultySystem.ts:44, morale x0.1 capped +/-3 satisfactionSystem.ts:168-171)
data/quirkData.ts	back-from-industry	Spent ten years in industry and came back with the contacts, the consultancy, and the car.	true	quirkData.ts:64; research +8, teaching -4, salary x1.2 (applied at generation facultyData.ts:766-790, salary facultySystem.ts:44, morale x0.1 capped +/-3 satisfactionSystem.ts:168-171)
data/quirkData.ts	evening-seminar	Holds seminars at nine at night. The students who come are few, and devoted for life.	true	quirkData.ts:65; teaching +4, research +4, morale -1 (applied at generation facultyData.ts:766-790, salary facultySystem.ts:44, morale x0.1 capped +/-3 satisfactionSystem.ts:168-171)
data/tagData.ts	research-powerhouse.blurb	The papers come out faster than the undergraduates.	true	tagData.ts:21; guidebook quip; no mechanic
data/tagData.ts	research-powerhouse.why	The research is strong, and stronger than the teaching.	vague	tagData.ts:21; teaching is never read: the test is research standing 45->70 halved unless research >= 0.8 x ACADEMIC standing, plus the research cohort (tags.ts:70)
data/tagData.ts	research-powerhouse.teeth	Grants and gifts follow the papers: a tenth more giving each year.	vague	tagData.ts:21; x1.1 on the alumni annual fund only (giving.ts:42-45; teeth.ts:8-13); research grants are untouched (researchSystem.ts:58-68)
data/tagData.ts	teaching-college.blurb	Small classes, and professors who know your name.	true	tagData.ts:22; guidebook quip (section size is fixed at 40, financeSystem.ts:49)
data/tagData.ts	teaching-college.why	The teaching is strong, and stronger than the research.	vague	tagData.ts:22; teaching is read (course average 55->75) but "stronger than the research" is research standing < 0.8 x academic standing (tags.ts:71)
data/tagData.ts	teaching-college.teeth	Students who are known by name stay: one point less attrition a year.	false	tagData.ts:22; the summer commits attritionRate() without tag teeth (resolveAdmissions.ts:132); only the previews add them (consequences.ts:74-76,111; yearInReview.ts:133-139). Attrition is also 0 at satisfaction >= 50 (admissionsSystem.ts:268-276)
data/tagData.ts	party-school.blurb	Thursday is the weekend.	true	tagData.ts:23; guidebook quip
data/tagData.ts	party-school.why	The students are happy, and the classes they arrive in are not the most demanding.	vague	tagData.ts:23; reads incoming student quality < 60 (tags.ts:72), not course rigor; also needs Greek chapters, which the line omits
data/tagData.ts	party-school.teeth	The college pays for the parties: $400 a student a year more on discipline and student life.	true	tagData.ts:23; enrolled x 400 / 52 a week in services (financeSystem.ts:282-284)
data/tagData.ts	jock-school.blurb	The stadium is the biggest building on campus, and everyone knows the fight song.	true	tagData.ts:24; guidebook quip; a stadium is not required (tags.ts:73)
data/tagData.ts	jock-school.why	The teams and their venues are what the college is known for.	true	tagData.ts:24; teams/6 x0.6 + venues/4 x0.2 + athletes cohort (tags.ts:73)
data/tagData.ts	jock-school.teeth	Recruits want to play here: every team six points stronger.	false	tagData.ts:24; +6 goes on the department aggregate athleticProgramStrength (studentLifeData.ts:808-817) only; no team is stronger: teamQuality (studentLifeData.ts:654-658) decides games (season.ts:83), sport tables and playoff seeds (rivalsSystem.ts:339) and the athletes cohort (cohorts.ts:143-145)
data/tagData.ts	artsy.blurb	Studios open all night and a gallery in every stairwell.	true	tagData.ts:25; guidebook quip
data/tagData.ts	artsy.why	The arts: their programs, their buildings, their share of the campus.	vague	tagData.ts:25; buildings are not read (tags.ts:74; only indirectly via the arts cohort); arts clubs are read but unmentioned, and the name regex (tags.ts:63) matches only 5 of the 85 club names (Film, Photography, Dance, Anime, Comics), missing Jazz Ensemble, Chamber Orchestra, Drama Society...
data/tagData.ts	artsy.teeth	Studios and galleries everywhere: five points of campus beauty.	true	tagData.ts:25; campusBeauty + 5 (beauty.ts:77-79)
data/tagData.ts	commuter.blurb	Most of the students go home at five.	true	tagData.ts:26; guidebook quip
data/tagData.ts	commuter.why	Too few beds for the students: most of them go home at night.	true	tagData.ts:26; beds well under 35% of enrolled (tags.ts:78)
data/tagData.ts	commuter.teeth	Nobody stays after five: two points off every class's satisfaction.	true	tagData.ts:26; satisfaction target -2 (satisfactionSystem.ts:312-314,378); one satisfaction for all classes
data/tagData.ts	country-club.blurb	Beautiful grounds, a long waiting list, and a lot of sailing.	true	tagData.ts:27; guidebook quip
data/tagData.ts	country-club.why	A dear sticker, little aid, and a beautiful campus.	vague	tagData.ts:27; reads listed price / tolerance and beauty (tags.ts:79); the game has no financial-aid lever, so "little aid" names nothing. British "dear" (US "steep"/"pricey")
data/tagData.ts	country-club.teeth	Old money writes checks: fifteen percent more giving each year.	true	tagData.ts:27; annual fund x1.15 (giving.ts:42-45)
data/tagData.ts	pressure-cooker.blurb	The library never closes, and nobody leaves it.	true	tagData.ts:28; guidebook quip
data/tagData.ts	pressure-cooker.why	Very selective, and the students are not happy about it.	true	tagData.ts:28; admit rate under 25% and satisfaction under 62 (tags.ts:80)
data/tagData.ts	pressure-cooker.teeth	Not everyone lasts: one and a half points more attrition a year.	false	tagData.ts:28; never applied: resolveAdmissions.ts:132 uses attritionRate() without teeth; only the previews add +0.015 (consequences.ts:74-76; yearInReview.ts:133-139), so the preview and the summer disagree
data/tagData.ts	the-bargain.blurb	A good degree at a price a family can say out loud.	true	tagData.ts:29; guidebook quip
data/tagData.ts	the-bargain.why	A net price well under the market's, for a respectable class.	true	tagData.ts:29; listed price under 0.85x tolerance with incoming quality >= 45 (tags.ts:81); "net" = listed, as there is no aid
data/tagData.ts	the-bargain.teeth	Families say yes: four percent more apply.	true	tagData.ts:29; +0.04 on the tag pool factor (tags.ts:127; cohorts.ts:131; admissionsSystem.ts:348)
data/tagData.ts	old-money.blurb	Endowed before anyone alive was born, and dressed for it.	true	tagData.ts:30; guidebook hyperbole
data/tagData.ts	old-money.why	A large endowment, held a long time.	true	tagData.ts:30; endowment per student over $30k, ramped over 25 years (tags.ts:82)
data/tagData.ts	old-money.teeth	A name that opens doors: three percent more apply.	true	tagData.ts:30; +0.03 on the pool factor (tags.ts:127)
data/tagData.ts	tag log lines (systems/identity/tags.ts)	The guidebooks have started calling the college {phrase}: "{blurb}" / no longer call the college {phrase}.	true	earned/shed after two years over/under the line (tags.ts:89-116)
data/researchData.ts	depth pilot	Pilot Study: One scholar, six months. Publications, and a grant now and then.	false	one scholar, 26 weeks is right (researchData.ts:247); but a paper needs 90 banked points (:347) and an ordinary scholar banks 25-60 in a pilot (0.3-0.6 expected papers at 1-6 labs; ~1 only with 13 labs or a prize-winner), output is deterministic (researchSystem.ts:86-95), and a pilot gets no guaranteed paper (:106-107), so it publishes nothing and, grants riding on papers (:58-59), wins no grant. The offer card beside it prints "~0.4 publications" (ResearchTab.tsx:196-199)
data/researchData.ts	depth project (a)	Funded Project: Two scholars, eighteen months. Regular grants	vague	an ordinary team banks 3-5 papers (78 weeks, researchData.ts:251); grants ride on 1 paper in 5 (:348), so ~0.6-0.9 grants a run and a 41-64% chance of none
data/researchData.ts	depth project (b)	and a real chance of a breakthrough.	true	0.14 x (0.5 + strength) a year over 2 rolls = ~28-38% (researchData.ts:353-366)
data/researchData.ts	depth program	Major Program: Three scholars, three years. Breakthroughs likely; an award is possible.	true	3 rolls at ~0.3 = 64-77% for a breakthrough; award 13-24% (researchData.ts:255-256,321-334,353-361)
data/researchData.ts	depth landmark	Landmark Program: Four scholars across disciplines, five years. The work prizes are given for.	true	needs a cross topic (researchData.ts:259-261; startInitiative.ts:26); award base 0.45 vs 0.2 (researchData.ts:321-323)
data/researchData.ts	vocab default (lab sciences)	paper / breakthrough / published and taken up widely	true	words only; used for Science and any unlisted school (researchData.ts:155-161,210-212)
data/researchData.ts	vocab Social Sciences & Humanities	monograph / landmark work of scholarship / published to wide acclaim	true	researchData.ts:166-172 (note "landmark" collides with the Landmark Program and grand landmarks)
data/researchData.ts	vocab Business	case study / influential study / published and widely cited	true	researchData.ts:173-179
data/researchData.ts	vocab Arts & Media	exhibited work / acclaimed work / shown and widely praised	true	researchData.ts:180-186
data/researchData.ts	vocab Computer Science	paper / breakthrough / published and taken up widely	true	researchData.ts:187-193
data/researchData.ts	vocab Engineering	paper / breakthrough / published and put into practice	true	researchData.ts:194-200
data/researchData.ts	vocab Health Science	paper / clinical breakthrough / published and taken into the clinic	true	researchData.ts:201-207
data/researchData.ts	blocked: no cross topic	No interdisciplinary topic this facility can lead	true	researchData.ts:493-495
data/researchData.ts	blocked: no topic	No topic available for this facility	true	researchData.ts:493-495
data/researchData.ts	blocked: missing field	No {field} scholar free	true	researchData.ts:520-522
data/researchData.ts	blocked: team size	Needs {n} scholars; {m} free	true	researchData.ts:523-524
data/researchData.ts	blocked: cash	Not enough cash for the up-front funding	true	funding paid up front (researchData.ts:525-526; startInitiative.ts:35-37)
systems/research/researchSystem.ts	log: publication	A new {publication} out of "{topic}".	true	every 90 banked points (researchSystem.ts:49-56,91-94)
systems/research/researchSystem.ts	log: grant	{Funder} has awarded ${amount} to "{topic}".	true	cash += amount on 1 paper in 5 (researchSystem.ts:58-68)
systems/research/researchSystem.ts	log: scholar pulled	{name} ({field}) saw {why} and is on the market.	true	every 4th paper or any breakthrough (researchSystem.ts:37-47,70-72,83)
systems/research/researchSystem.ts	log: breakthrough	{A} {breakthrough} out of "{topic}" has been {tail}.	true	annual roll (researchSystem.ts:75-84)
systems/research/researchSystem.ts	log: prize	{winner} has been awarded {prize} for "{topic}".	true	acclaim +1, prizes +1 (researchSystem.ts:110-120)
systems/research/researchSystem.ts	log: concluded	"{topic}" has concluded after {n} years: {p} publications, {b} breakthroughs.	true	researchSystem.ts:126-134 (always says "publications", not the discipline word)
systems/research/researchSystem.ts	log: abandoned	"{topic}" has been abandoned - nobody is left on it.	true	researchSystem.ts:196-201
systems/research/researchSystem.ts	log: begun (startInitiative.ts)	"{topic}" has begun at {lab}. {n} of its team's courses moved to colleagues...	true	startInitiative.ts:58-81
data/studentLifeData.ts	HELLENIC_COUNCIL_HINT	Once there is a real club scene, students may petition to charter a Hellenic Council... the college can decline Greek life entirely.	true	offered from 2 clubs (eventData.ts:370,495); declinable; no chapter without it (studentLifeData.ts:986-991)
data/studentLifeData.ts	GREEK_LETTERS / glyphs	Alpha ... Omega; chapter names are three letters	true	names only (studentLifeData.ts:127-147)
data/studentLifeData.ts	BAND_LABEL	flagship / competitive / developmental	true	fully / partly / not funded in list order (studentLifeData.ts:692-696,727-736)
data/studentLifeData.ts	CHAIR_LABEL	head coach / assistant coach / trainer	true	the three chairs weighted 0.5/0.25/0.25 (studentLifeData.ts:606-611,844-848)
tabs/AthleticsTab.tsx	budget tier title	{$}/yr into the department's pot	vague	the dial also scales every team's social bonus x0.6/1.0/1.5 and the whole department's upkeep and salaries x0.75/1.0/1.4 (studentLifeData.ts:284-288,1124-1145); AthleticsTab.tsx:274 names only the subsidy
tabs/AthleticsTab.tsx	Subsidy figure hint	What the college puts into the department's pot each year, set by the dial above.	true	subsidyPerYear (studentLifeData.ts:284-288,720-723)
tabs/AthleticsTab.tsx	Department hint	the college's subsidy (the one dial here) ... a fully funded program recruits at full strength, one below the line runs at a discount	true	teamQuality +10 funded, x0.85 at zero funding (studentLifeData.ts:645-658); see the tier row for what else the dial does
tabs/AthleticsTab.tsx	Department hint (b)	The Athletic Director adds a smaller lift to every team at once.	true	quality x 0.08 to every team (studentLifeData.ts:613-620,642)
tabs/AthleticsTab.tsx	Department hint (c)	Campus life is one of the three standings the college carries ... varsity athletics is the only thing on this screen that moves it.	true	athletics and titles terms (prestigeSystem.ts:655-667)
tabs/AthleticsTab.tsx	coach card title	A veteran: high now, little growth left, a short horizon / A prospect: low now, a ceiling you cannot quite see	true	veterans start at 0.9 of ceiling, 2-yr plateau, age 45-58, retire at 65; prospects 0.55, scouted range (studentLifeData.ts:353-370,443-461)
tabs/AthleticsTab.tsx	market hint	Every open chair always has somebody listed... a better Athletic Director scouts a narrower range. Listings withdraw after a few months	true	uncoveredChairFields (athleticsSystem.ts:34-38); scoutRangeWidth (studentLifeData.ts:393-395); 12 weeks (:557)
tabs/AthleticsTab.tsx	titles hint	A title lifts Campus life for good, swells the next summer's applicant pool for a few years, and for about a year makes donors easier to find	true	titlesScore stock (prestigeSystem.ts:631-636); 5-yr decaying window (cohorts.ts:95-113); inTitleYear this year or last (studentLifeData.ts:1136-1138)
tabs/AthleticsTab.tsx	priority hint	its head coach may resign rather than take the cut	true	50% on a demotion below the line (studentLifeData.ts:781-796)
data/reportData.ts	REPORT_GRADES	A >= 75, B >= 62, C >= 48, D >= 34, F	true	reportData.ts:6-16; applied to axis and mark scores (finalReport.ts:106,160)
data/reportData.ts	TAG_PHRASES.research-powerhouse	a research powerhouse	true	reportData.ts:22; names the tag the college holds first (finalReport.ts:117-120)
data/reportData.ts	TAG_PHRASES.teaching-college	a teaching college	true	reportData.ts:23; names the tag the college holds first (finalReport.ts:117-120)
data/reportData.ts	TAG_PHRASES.party-school	a party school	true	reportData.ts:24; names the tag the college holds first (finalReport.ts:117-120)
data/reportData.ts	TAG_PHRASES.jock-school	a jock school	true	reportData.ts:25; names the tag the college holds first (finalReport.ts:117-120)
data/reportData.ts	TAG_PHRASES.artsy	an artists' college	true	reportData.ts:26; names the tag the college holds first (finalReport.ts:117-120)
data/reportData.ts	TAG_PHRASES.commuter	a commuter school	true	reportData.ts:27; names the tag the college holds first (finalReport.ts:117-120)
data/reportData.ts	TAG_PHRASES.country-club	a country club	true	reportData.ts:28; names the tag the college holds first (finalReport.ts:117-120)
data/reportData.ts	TAG_PHRASES.pressure-cooker	a pressure cooker	true	reportData.ts:29; names the tag the college holds first (finalReport.ts:117-120)
data/reportData.ts	TAG_PHRASES.the-bargain	the bargain of its region	true	reportData.ts:30; names the tag the college holds first (finalReport.ts:117-120) Composes badly in the title shape: "the bargain of its region that never ..." hangs the clause on "its region" (reportData.ts:71)
data/reportData.ts	TAG_PHRASES.old-money	an old-money college	true	reportData.ts:31; names the tag the college holds first (finalReport.ts:117-120)
data/reportData.ts	AXIS_PHRASES.academics	a serious academic college	true	axis = academic standing (reputation) (finalReport.ts:75; reportData.ts:49)
data/reportData.ts	AXIS_PHRASES.research	a research college	true	axis = research standing (finalReport.ts:76)
data/reportData.ts	AXIS_PHRASES.experience	a college its students loved	vague	axis = campus-life standing: rec chain and venues 30, clubs and chapters 35, athletics 30, titles 20, and only the SOCIAL satisfaction attribute at 25 (prestigeSystem.ts:625-670); overall satisfaction is never read
data/reportData.ts	AXIS_PHRASES.athletics	a sporting college	true	axis = athleticProgramStrength (rivalsSystem.ts:271)
data/reportData.ts	AXIS_PHRASES.access	a college that opened its doors	true	axis = half admit rate, half price under 2x tolerance (rivalsSystem.ts:234-238)
data/reportData.ts	AXIS_PHRASES.finance	a well-endowed college	true	axis = endowment per student vs $80k (rivalsSystem.ts:239-243)
data/reportData.ts	WEAKNESSES.academics	never quite learned to teach	vague	axis is overall academic standing: teaching quality is 30 of ~220 input points plus a ceiling (prestigeSystem.ts:52-69,339-361); a college with A-grade teaching and few programs can score low, and the teaching ceiling alone never pushes the axis under 45 (all-D teaching caps standing at ~91 = 61 on the report scale)
data/reportData.ts	WEAKNESSES.research	never wrote a paper anyone read	true	papers count 0.1 each, breakthroughs 1, prizes 3 (prestigeSystem.ts:183-204,607-618): a low axis means little work anyone cited
data/reportData.ts	WEAKNESSES.experience	never learned to make its students happy	false	the line asserts unhappy students, but the experience axis is campus-life standing and never reads satisfaction, only the social attribute at 25 of ~150 points (prestigeSystem.ts:643-670); rec chain, clubs, athletics and titles are the rest, so a college whose students averaged 80+ but with a thin club and sports scene can land under 45 here and be told it never made them happy
data/reportData.ts	WEAKNESSES.athletics	never won a game that mattered	vague	the axis is team strength, not results (studentLifeData.ts:808-817), and it is read on the wrong scale (athletics row below), so any department under strength 67.5 can get this line whatever titles it won
data/reportData.ts	WEAKNESSES.access	never opened its doors very wide	true	fits: admit rate + price under tolerance (rivalsSystem.ts:234-238). Note it is structural: pricing at tolerance with a 38% admit rate (the highest the slider opens at) reads 44, under the 45 line
data/reportData.ts	WEAKNESSES.finance	never balanced its books	false	the finance axis is endowment per student against $80k (rivalsSystem.ts:239-243; the game says so itself, EndowmentPanel.tsx:85, StandingsPanel.tsx:23); operating balance, deficits and debt are never read
data/reportData.ts	REPORT_SHAPES.strength	{college}: {phrase}, and a very good one	false	chosen whenever no unclaimed axis is under 45 (finalReport.ts:121), i.e. D grades (D runs 34-48, reportData.ts:6-12); the mark is 70% axes + 20% rank + 10% promises (finalReport.ts:152-155), so axes averaging 47 with a rank of 60th of 100 and no promises mark 46, a D, under a "very good" title
data/reportData.ts	REPORT_SHAPES.title	{college}: {phrase} that {tail}	true	weakest unclaimed axis under 45 (finalReport.ts:114-123)
state/finalReport.ts	athletics axis numbers (report scale)	Averaged {mean} over the run ... (athletics row) and its grade	false	athleticStrength is 0-100 (studentLifeData.ts:816; rivalsSystem.ts:271) but is multiplied by 100/150 as if 0-150 (finalReport.ts:83,96): a department at strength 90 is printed as 60, can never grade above B (66.7), and trips the weakness below 67.5
data/reportData.ts	VERDICTS.rich	It left its successors far richer than it found itself: the endowment grew from {from} to {to}.	true	endowment >= 2x the $3M start (finalReport.ts:125-130)
data/reportData.ts	VERDICTS.steady	It kept its money: the endowment went from {from} to {to}, and the books mostly balanced.	false	chosen on the endowment ratio alone (0.9-2x, finalReport.ts:130); nothing about operating balance is read, and it can sit beside "It spent N years in distress" (finalReport.ts:131-137)
data/reportData.ts	VERDICTS.poorer	It spent what it was given: the endowment went from {from} to {to}.	true	endowment under 0.9x start (finalReport.ts:130)
data/reportData.ts	VERDICTS.distress	It spent {years} in distress	true	years whose worst rung >= Freeze (finalReport.ts:131; distress.ts:26-31)
data/reportData.ts	VERDICTS.scars	, and had an interim CFO appointed {times}	true	scars = years receivership began (types.ts:22; distress.ts:193)
data/reportData.ts	VERDICTS.debt / clean	It ends owing {debt}. / It ends owing nothing.	true	debtOutstanding (finalReport.ts:138-139; treasury.ts)
data/reportData.ts	REPORT_WORDS.title / eyebrow	The Final Report / Year 50 - the run formally ends	true	written at SEMICENTENNIAL_YEAR 50 (resolveAdmissions.ts:76-84; types.ts:1169)
data/reportData.ts	REPORT_WORDS.markHint	The whole arc, not the last snapshot: ... how far it came ... where the guide put the college ... how many promises it kept.	true	axis = 0.5 last decade + 0.3 all + 0.2 climb; mark adds rank 20% and promises 10% (finalReport.ts:98-102,152-155)
data/reportData.ts	REPORT_WORDS.axes / axisLine	The six standings, graded over the arc / Averaged {mean} over the run; {first} in the first decade, {last} in the last.	true	finalReport.ts:96-106 (athletics numbers are mis-scaled, see the athletics row)
data/reportData.ts	REPORT_WORDS.promises lines	{kept} kept, {missed} missed, {declined} declined. / The college made no promises in public.	true	FinalReportView.tsx:42-49; finalReport.ts:145-165
data/reportData.ts	REPORT_WORDS.rank	The guide's last word: {rank} of {total}.	true	academic rank (finalReport.ts:148-149)
data/reportData.ts	REPORT_WORDS.section heads	The money / The eras / The six standings, year by year	true	labels
data/reportData.ts	REPORT_WORDS.draft	The Final Report is written at the fiftieth summer. Until then, the arc so far.	true	HistoryTab.tsx:205-210
data/reportData.ts	REPORT_WORDS.notYet	drafted from the tenth: a college is not graded on its first decade.	vague	the first decade IS graded: it is 30% of each axis through the run mean and the baseline of the climb term (finalReport.ts:98-102); the line means only that no draft is shown before Year 10 (reportData.ts:86)
data/reportData.ts	REPORT_WORDS.epilogue	...every ten years the chronicle gets an addendum. Nothing new unlocks.	vague	addenda every 10 years is right (resolveAdmissions.ts:185-190); but nothing stops unlocks after Year 50: ladder milestones and gates still open buildings when reached (techSystem.ts:342-381; ladderData.ts:244-254)
data/reportData.ts	REPORT_WORDS.addendum	Addendum, Years {from}-{to}	true	resolveAdmissions.ts:187-190
data/reportData.ts	REPORT_WORDS.newCollege	This run hangs in the hall of fame, and the college closes its books for good: no Epilogue, no addenda.	true	hangInHall then new run (InterruptModal.tsx:500-506; hall.ts)
data/reportData.ts	REPORT_WORDS.newCollegeMidRun / Fresh	Only a run that reached its fiftieth summer hangs here; this one will not.	true	HallOfFame.tsx:74; hall entries come from the report (hall.ts:47-60)
state/finalReport.ts	composed strings	'a year' / 'N years'; 'once' / 'twice' / 'N times'; era '{name} ({from}-{to})'	true	finalReport.ts:133-136,167
data/chronicleData.ts	ERA_NAMES.founding	The Founding	true	chronicleData.ts:14; years 1-3 (chronicle.ts:88)
data/chronicleData.ts	ERA_NAMES.founding	The First Years	true	chronicleData.ts:14; years 1-3 (chronicle.ts:88)
data/chronicleData.ts	ERA_NAMES.founding	The Charter Years	true	chronicleData.ts:14; years 1-3 (chronicle.ts:88)
data/chronicleData.ts	ERA_NAMES.building	The Building of {building}	true	chronicleData.ts:15; 2+ buildings finished that year (chronicle.ts:93); {building} is the first year's dearest (chronicle.ts:202)
data/chronicleData.ts	ERA_NAMES.building	The Scaffolding Years	true	chronicleData.ts:15; 2+ buildings finished that year (chronicle.ts:93); {building} is the first year's dearest (chronicle.ts:202)
data/chronicleData.ts	ERA_NAMES.building	The Years of {building}	true	chronicleData.ts:15; 2+ buildings finished that year (chronicle.ts:93); {building} is the first year's dearest (chronicle.ts:202)
data/chronicleData.ts	ERA_NAMES.troubles	The Troubles	true	chronicleData.ts:16; worst rung >= Freeze (chronicle.ts:90)
data/chronicleData.ts	ERA_NAMES.troubles	The Lean Years	true	chronicleData.ts:16; worst rung >= Freeze (chronicle.ts:90)
data/chronicleData.ts	ERA_NAMES.troubles	The Hard Winters	true	chronicleData.ts:16; worst rung >= Freeze (chronicle.ts:90)
data/chronicleData.ts	ERA_NAMES.receivership	The Interim Years	true	chronicleData.ts:17; worst rung = Interim CFO (chronicle.ts:89)
data/chronicleData.ts	ERA_NAMES.receivership	The Years Under the CFO	true	chronicleData.ts:17; worst rung = Interim CFO (chronicle.ts:89)
data/chronicleData.ts	ERA_NAMES.rise	The Climb	true	chronicleData.ts:18; up 3+ places over 3 years (chronicle.ts:94-97)
data/chronicleData.ts	ERA_NAMES.rise	The Rise	true	chronicleData.ts:18; up 3+ places over 3 years (chronicle.ts:94-97)
data/chronicleData.ts	ERA_NAMES.rise	The Ascent	true	chronicleData.ts:18; up 3+ places over 3 years (chronicle.ts:94-97)
data/chronicleData.ts	ERA_NAMES.decline	The Slide	true	chronicleData.ts:19; down 3+ places over 3 years (chronicle.ts:97)
data/chronicleData.ts	ERA_NAMES.decline	The Long Afternoon	true	chronicleData.ts:19; down 3+ places over 3 years (chronicle.ts:97)
data/chronicleData.ts	ERA_NAMES.decline	The Slow Decline	true	chronicleData.ts:19; down 3+ places over 3 years (chronicle.ts:97)
data/chronicleData.ts	ERA_NAMES.campaign	The {ordinal} Campaign	vague	chronicleData.ts:20; the ordinal counts campaign ERAS, not campaigns (chronicle.ts:278-282), so an era holding two campaigns is followed by "The Second Campaign"
data/chronicleData.ts	ERA_NAMES.campaign	The Campaign Years	true	chronicleData.ts:20; a campaign closed that year (chronicle.ts:91)
data/chronicleData.ts	ERA_NAMES.rivalry	The {rival} Years	true	chronicleData.ts:21; rival named that year (chronicle.ts:92)
data/chronicleData.ts	ERA_NAMES.rivalry	The Rivalry	true	chronicleData.ts:21; rival named that year (chronicle.ts:92)
data/chronicleData.ts	ERA_NAMES.golden	The Golden Age	true	chronicleData.ts:22; rank <= 8 and no distress (chronicle.ts:99)
data/chronicleData.ts	ERA_NAMES.golden	The High Tide	true	chronicleData.ts:22; rank <= 8 and no distress (chronicle.ts:99)
data/chronicleData.ts	ERA_NAMES.golden	The Good Years	true	chronicleData.ts:22; rank <= 8 and no distress (chronicle.ts:99)
data/chronicleData.ts	ERA_NAMES.quiet	The Quiet Years	true	chronicleData.ts:23; nothing else (chronicle.ts:100)
data/chronicleData.ts	ERA_NAMES.quiet	The Middle Years	true	chronicleData.ts:23; nothing else (chronicle.ts:100)
data/chronicleData.ts	ERA_NAMES.quiet	The Settled Years	true	chronicleData.ts:23; nothing else (chronicle.ts:100)
data/chronicleData.ts	ERA_NAMES.quiet	The Long Peace	true	chronicleData.ts:23; nothing else (chronicle.ts:100)
data/chronicleData.ts	ERA_NAMES.quiet	The Years of Routine	true	chronicleData.ts:23; nothing else (chronicle.ts:100)
data/chronicleData.ts	ERA_NAMES.quiet	The Steady State	true	chronicleData.ts:23; nothing else (chronicle.ts:100)
data/chronicleData.ts	ERA_NAMES.eventful	{event} and After	true	chronicleData.ts:24; a quiet era with a seismic letter (chronicle.ts:209-212)
data/chronicleData.ts	ERA_NAMES.eventful	The Years of {event}	true	chronicleData.ts:24; a quiet era with a seismic letter (chronicle.ts:209-212)
data/chronicleData.ts	ERA_NAMES.eventful	After {event}	true	chronicleData.ts:24; a quiet era with a seismic letter (chronicle.ts:209-212)
data/chronicleData.ts	CHRONICLE_LINES.span / spanOne	Years {from} to {to}. / Year {from}.	true	chronicleData.ts:28-29; chronicle.ts:226
data/chronicleData.ts	CHRONICLE_LINES.built / builtNone	{list} went up. / Nothing new was built.	true	builtYear in the era (chronicleData.ts:30-31; chronicle.ts:69,227-228)
data/chronicleData.ts	CHRONICLE_LINES.firsts	Firsts: {list}.	true	ladder milestones reached (chronicle.ts:80,229-230)
data/chronicleData.ts	CHRONICLE_LINES.rank	The guide had the college {from} at the start and {to} at the end.	true	academic rank from the history rows (chronicle.ts:231-236; history.ts:41)
data/chronicleData.ts	CHRONICLE_LINES.rankFlat	The guide had the college {to} throughout, give or take.	vague	compares only the first and last year (chronicle.ts:233-235): 10th -> 3rd -> 10th reads as "throughout"
data/chronicleData.ts	CHRONICLE_LINES.money	The books closed {in the black/red by $X} over the era, and the endowment went from {from} to {to}.	false	"net" is the change in CASH (history.ts:49), so construction, loans and every endowment transfer (including the standing sweep the board asks for, sweep.ts:68-75) count as losses: an era of surpluses spent on buildings or swept into the endowment "closed in the red"
data/chronicleData.ts	CHRONICLE_LINES.moneyPlain	The books closed {net} over the era.	false	same cash-change reading (chronicle.ts:237-246; history.ts:49)
data/chronicleData.ts	CHRONICLE_LINES.classes	{classes} graduated.	true	years with graduates (chronicle.ts:249-250)
data/chronicleData.ts	CHRONICLE_LINES.troubles	The board climbed to {rung} and the college spent terms in distress.	vague	prints "rung 3/4/5" (chronicle.ts:247-248), a number the player never sees (the Treasury names Freeze/Austerity/Interim CFO, TreasuryTab.tsx:196), and "climbed to" runs against the ladder's "down one rung a term" (distress.ts:3-15)
data/chronicleData.ts	CHRONICLE_LINES.titles / title	The teams won {count} titles. / The teams won a title.	true	titles by year (chronicle.ts:253-254)
data/chronicleData.ts	CHRONICLE_LINES.tags	The guidebooks started calling it {tags}.	true	tags earned in the era (chronicle.ts:73,255-256); prints the tag NAME ("calling it Commuter"), not TAG_PHRASES
data/chronicleData.ts	CHRONICLE_LINES.rival	{rival} became the rival.	true	chronicle.ts:72,257-258
data/chronicleData.ts	CHRONICLE_LINES.kept / keptMany / missed / missedMany	It kept its promise(s): {list}. / It missed its promise(s): {list}.	true	settled promises by year (chronicle.ts:74-75,259-262)
data/chronicleData.ts	CHRONICLE_LINES.weathered	It weathered {list}.	true	seismic letters answered (chronicle.ts:79,251-252)
data/chronicleData.ts	CHRONICLE_WORDS.title / draft / eras	The chronicle / The chronicle in draft: the college's years as the historians will divide them. / The eras	true	a pure reading at any time (chronicle.ts:11-17)
data/chronicleData.ts	CHRONICLE_WORDS.rival / rivalNone	The rival / No rival yet.	true	rivalSaga null until a rival (chronicle.ts:295-311)
data/chronicleData.ts	CHRONICLE_WORDS.sagaNamed	{rival} became the rival in Year {year}.	true	rivalStanding.since (collegeRival.ts:44-46)
data/chronicleData.ts	CHRONICLE_WORDS.sagaGames / sagaGame	The teams have met {count} times: {won} won, {lost} lost.	vague	counts only the main sport's series (chronicle.ts:300-307; collegeRival.ts:12-16), and the main sport is whichever team heads the priority list, so reordering switches the record
data/chronicleData.ts	CHRONICLE_WORDS.sagaStanding	In the rankings the college stands {mine}, and {rival} {theirs}.	true	academic table (chronicle.ts:302-309)
data/chronicleData.ts	CHRONICLE_WORDS.now / none	The historians will call these years {era}. / The first year has not closed yet	true	currentEra (chronicle.ts:314-317)
data/alumniData.ts	MEMORY_CLAUSES.thinned	thinned by the years	true	alumniData.ts:22; attrition across their years >= 18% (ledger.ts:41,53; alumniData.ts:43)
data/alumniData.ts	MEMORY_CLAUSES.under-taught	under-taught	vague	alumniData.ts:23; reads the campus course average AT COMMENCEMENT (ledger.ts:40,54), not across the class's four years
data/alumniData.ts	MEMORY_CLAUSES.well-taught	properly taught	vague	alumniData.ts:24; same snapshot at commencement (ledger.ts:40,55)
data/alumniData.ts	MEMORY_CLAUSES.happy	happy in it	true	alumniData.ts:25; mean satisfaction of their years >= 70 (ledger.ts:39,56)
data/alumniData.ts	MEMORY_CLAUSES.unhappy	miserable in it	true	alumniData.ts:26; mean satisfaction < 50 (ledger.ts:57)
data/alumniData.ts	MEMORY_CLAUSES.building-years	there for the building years	true	alumniData.ts:27; 2+ buildings finished in their years (ledger.ts:42,58)
data/alumniData.ts	MEMORY_CLAUSES.new-school	there when a new school was founded	true	alumniData.ts:28; school-founded count rose (ledger.ts:45,59)
data/alumniData.ts	MEMORY_CLAUSES.first-of-program	the first to read a subject that did not exist before them	vague	alumniData.ts:29; fires when any program becomes ESTABLISHED (tier-2 quartet done, ledger.ts:46,60; techSystem.ts:589-596); the subject already existed and was taught. British idiom "read a subject"
data/alumniData.ts	MEMORY_CLAUSES.freeze	graduated out of a freeze	true	alumniData.ts:30; worst rung in their years = Freeze (ledger.ts:61)
data/alumniData.ts	MEMORY_CLAUSES.austerity	an austerity class	true	alumniData.ts:31; worst rung = Austerity (ledger.ts:62)
data/alumniData.ts	MEMORY_CLAUSES.receivership	there when the interim CFO was	true	alumniData.ts:32; worst rung = Interim CFO (ledger.ts:63)
data/alumniData.ts	MEMORY_CLAUSES.deficits	four years of bad news from the bursary	false	alumniData.ts:33; fires on 2 of 4 years whose CASH fell (ledger.ts:44,64; alumniData.ts:45), so building or sweeping surplus into the endowment counts as bad news (history.ts:49; sweep.ts:68-75), and costs the class 3 warmth, which cuts its giving (giving.ts:32-37). British "bursary" (US "bursar's office")
data/alumniData.ts	MEMORY_CLAUSES.handsome	on the handsomest campus in the county	true	alumniData.ts:34; beauty >= 70 at commencement (ledger.ts:65); superlative is flavor, no comparison is made
data/alumniData.ts	MEMORY_CLAUSES.quiet	unremarkable, and fond of it	true	alumniData.ts:35; only when nothing else applies (ledger.ts:71-75)
data/alumniData.ts	MEMORY_LINE	The class of {year}: {clauses}.	true	loudest three clauses (alumniData.ts:38-40; ledger.ts:101-107)
data/alumniData.ts	reunion log (systems/alumni/giving.ts)	The class of {year} came back for its {n}-year reunion. They went home a little fonder of the place.	true	warmth +4, capped at +12 (giving.ts:61-71)
data/researchTopics.ts	ENG1	The Archive and the Novel	true	researchTopics.ts:50; a topic name only, promises no effect (fields 'English' are what researchData.ts:466-484 reads)
data/researchTopics.ts	ENG2	Translation and the Limits of Meaning	true	researchTopics.ts:51; a topic name only, promises no effect (fields 'English' are what researchData.ts:466-484 reads)
data/researchTopics.ts	ENG3	Serialization and the Victorian Reader	true	researchTopics.ts:52; a topic name only, promises no effect (fields 'English' are what researchData.ts:466-484 reads)
data/researchTopics.ts	ENG4	Poetics of the Unreliable Narrator	true	researchTopics.ts:53; a topic name only, promises no effect (fields 'English' are what researchData.ts:466-484 reads)
data/researchTopics.ts	ENG5	Vernacular Literatures of the Atlantic	true	researchTopics.ts:54; a topic name only, promises no effect (fields 'English' are what researchData.ts:466-484 reads)
data/researchTopics.ts	ENG6	Editing and the Authority of the Text	true	researchTopics.ts:55; a topic name only, promises no effect (fields 'English' are what researchData.ts:466-484 reads)
data/researchTopics.ts	HIS1	Trade Routes of the Early Modern World	true	researchTopics.ts:56; a topic name only, promises no effect (fields 'History' are what researchData.ts:466-484 reads)
data/researchTopics.ts	HIS2	Memory, Monuments and Public History	true	researchTopics.ts:57; a topic name only, promises no effect (fields 'History' are what researchData.ts:466-484 reads)
data/researchTopics.ts	HIS3	Household Economies Before Industry	true	researchTopics.ts:58; a topic name only, promises no effect (fields 'History' are what researchData.ts:466-484 reads)
data/researchTopics.ts	HIS4	Borderlands and the Making of Citizenship	true	researchTopics.ts:59; a topic name only, promises no effect (fields 'History' are what researchData.ts:466-484 reads)
data/researchTopics.ts	HIS5	Epidemics and the Municipal Record	true	researchTopics.ts:60; a topic name only, promises no effect (fields 'History' are what researchData.ts:466-484 reads)
data/researchTopics.ts	HIS6	Labor Movements in the Company Town	true	researchTopics.ts:61; a topic name only, promises no effect (fields 'History' are what researchData.ts:466-484 reads)
data/researchTopics.ts	PHI1	Moral Status and the Non-Human	true	researchTopics.ts:62; a topic name only, promises no effect (fields 'Philosophy' are what researchData.ts:466-484 reads)
data/researchTopics.ts	PHI2	Formal Semantics of Vagueness	true	researchTopics.ts:63; a topic name only, promises no effect (fields 'Philosophy' are what researchData.ts:466-484 reads)
data/researchTopics.ts	PHI3	Causation in the Special Sciences	true	researchTopics.ts:64; a topic name only, promises no effect (fields 'Philosophy' are what researchData.ts:466-484 reads)
data/researchTopics.ts	PHI4	Testimony, Trust and Knowledge	true	researchTopics.ts:65; a topic name only, promises no effect (fields 'Philosophy' are what researchData.ts:466-484 reads)
data/researchTopics.ts	PHI5	The Metaphysics of Social Kinds	true	researchTopics.ts:66; a topic name only, promises no effect (fields 'Philosophy' are what researchData.ts:466-484 reads)
data/researchTopics.ts	PHI6	Ethics of Risk and Rare Catastrophe	true	researchTopics.ts:67; a topic name only, promises no effect (fields 'Philosophy' are what researchData.ts:466-484 reads)
data/researchTopics.ts	COM1	Misinformation and Trust in Networked Media	true	researchTopics.ts:68; a topic name only, promises no effect (fields 'Communication' are what researchData.ts:466-484 reads)
data/researchTopics.ts	COM2	Rhetoric of Crisis Communication	true	researchTopics.ts:69; a topic name only, promises no effect (fields 'Communication' are what researchData.ts:466-484 reads)
data/researchTopics.ts	COM3	Documentary Form and the Ethics of Consent	true	researchTopics.ts:70; a topic name only, promises no effect (fields 'Communication' are what researchData.ts:466-484 reads)
data/researchTopics.ts	COM4	Attention Economies of Short-Form Video	true	researchTopics.ts:71; a topic name only, promises no effect (fields 'Communication' are what researchData.ts:466-484 reads)
data/researchTopics.ts	COM5	Sound Design and Perceived Authenticity	true	researchTopics.ts:72; a topic name only, promises no effect (fields 'Communication' are what researchData.ts:466-484 reads)
data/researchTopics.ts	COM6	News Deserts and Civic Knowledge	true	researchTopics.ts:73; a topic name only, promises no effect (fields 'Communication' are what researchData.ts:466-484 reads)
data/researchTopics.ts	ART1	Material Degradation in Contemporary Art	true	researchTopics.ts:74; a topic name only, promises no effect (fields 'Art & Design' are what researchData.ts:466-484 reads)
data/researchTopics.ts	ART2	Typography and Legibility at the Margins	true	researchTopics.ts:75; a topic name only, promises no effect (fields 'Art & Design' are what researchData.ts:466-484 reads)
data/researchTopics.ts	ART3	Color Constancy Under Gallery Lighting	true	researchTopics.ts:76; a topic name only, promises no effect (fields 'Art & Design' are what researchData.ts:466-484 reads)
data/researchTopics.ts	ART4	Craft Practice and Industrial Reproduction	true	researchTopics.ts:77; a topic name only, promises no effect (fields 'Art & Design' are what researchData.ts:466-484 reads)
data/researchTopics.ts	ART5	Exhibition Design and Visitor Movement	true	researchTopics.ts:78; a topic name only, promises no effect (fields 'Art & Design' are what researchData.ts:466-484 reads)
data/researchTopics.ts	ART6	Ornament, Pattern and Cultural Transmission	true	researchTopics.ts:79; a topic name only, promises no effect (fields 'Art & Design' are what researchData.ts:466-484 reads)
data/researchTopics.ts	MUS1	Tuning Systems Before Equal Temperament	true	researchTopics.ts:80; a topic name only, promises no effect (fields 'Music' are what researchData.ts:466-484 reads)
data/researchTopics.ts	MUS2	Improvisation and Collective Timing	true	researchTopics.ts:81; a topic name only, promises no effect (fields 'Music' are what researchData.ts:466-484 reads)
data/researchTopics.ts	MUS3	Notation and the Limits of the Score	true	researchTopics.ts:82; a topic name only, promises no effect (fields 'Music' are what researchData.ts:466-484 reads)
data/researchTopics.ts	MUS4	Instrument Making and Regional Timbre	true	researchTopics.ts:83; a topic name only, promises no effect (fields 'Music' are what researchData.ts:466-484 reads)
data/researchTopics.ts	MUS5	Rhythm Perception Across Traditions	true	researchTopics.ts:84; a topic name only, promises no effect (fields 'Music' are what researchData.ts:466-484 reads)
data/researchTopics.ts	MUS6	The Concert Hall as Social Institution	true	researchTopics.ts:85; a topic name only, promises no effect (fields 'Music' are what researchData.ts:466-484 reads)
data/researchTopics.ts	ECO1	Market Design for Scarce Public Goods	true	researchTopics.ts:88; a topic name only, promises no effect (fields 'Economics' are what researchData.ts:466-484 reads)
data/researchTopics.ts	ECO2	Wage Dynamics in Thin Labor Markets	true	researchTopics.ts:89; a topic name only, promises no effect (fields 'Economics' are what researchData.ts:466-484 reads)
data/researchTopics.ts	ECO3	Bargaining Under Deadline	true	researchTopics.ts:90; a topic name only, promises no effect (fields 'Economics' are what researchData.ts:466-484 reads)
data/researchTopics.ts	ECO4	Informal Credit and Household Risk	true	researchTopics.ts:91; a topic name only, promises no effect (fields 'Economics' are what researchData.ts:466-484 reads)
data/researchTopics.ts	ECO5	Land Use, Zoning and Rent	true	researchTopics.ts:92; a topic name only, promises no effect (fields 'Economics' are what researchData.ts:466-484 reads)
data/researchTopics.ts	ECO6	Trust Games and Institutional Quality	true	researchTopics.ts:93; a topic name only, promises no effect (fields 'Economics' are what researchData.ts:466-484 reads)
data/researchTopics.ts	POL1	Coalition Formation Under Fragmentation	true	researchTopics.ts:94; a topic name only, promises no effect (fields 'Political Science' are what researchData.ts:466-484 reads)
data/researchTopics.ts	POL2	Constitutional Durability	true	researchTopics.ts:95; a topic name only, promises no effect (fields 'Political Science' are what researchData.ts:466-484 reads)
data/researchTopics.ts	POL3	Local Party Machines and Turnout	true	researchTopics.ts:96; a topic name only, promises no effect (fields 'Political Science' are what researchData.ts:466-484 reads)
data/researchTopics.ts	POL4	Bureaucratic Discretion at the Front Line	true	researchTopics.ts:97; a topic name only, promises no effect (fields 'Political Science' are what researchData.ts:466-484 reads)
data/researchTopics.ts	POL5	Referendums and the Framing of Choice	true	researchTopics.ts:98; a topic name only, promises no effect (fields 'Political Science' are what researchData.ts:466-484 reads)
data/researchTopics.ts	POL6	Legislative Oversight of Emergency Powers	true	researchTopics.ts:99; a topic name only, promises no effect (fields 'Political Science' are what researchData.ts:466-484 reads)
data/researchTopics.ts	PSY1	Memory Reconsolidation After Stress	true	researchTopics.ts:100; a topic name only, promises no effect (fields 'Psychology' are what researchData.ts:466-484 reads)
data/researchTopics.ts	PSY2	Attention in Fragmented Environments	true	researchTopics.ts:101; a topic name only, promises no effect (fields 'Psychology' are what researchData.ts:466-484 reads)
data/researchTopics.ts	PSY3	Habit Formation and Environmental Cues	true	researchTopics.ts:102; a topic name only, promises no effect (fields 'Psychology' are what researchData.ts:466-484 reads)
data/researchTopics.ts	PSY4	Judgment Under Ambiguous Evidence	true	researchTopics.ts:103; a topic name only, promises no effect (fields 'Psychology' are what researchData.ts:466-484 reads)
data/researchTopics.ts	PSY5	Sleep Debt and Emotional Regulation	true	researchTopics.ts:104; a topic name only, promises no effect (fields 'Psychology' are what researchData.ts:466-484 reads)
data/researchTopics.ts	PSY6	Cooperation in Small Groups	true	researchTopics.ts:105; a topic name only, promises no effect (fields 'Psychology' are what researchData.ts:466-484 reads)
data/researchTopics.ts	SOC1	Neighborhood Effects on Mobility	true	researchTopics.ts:106; a topic name only, promises no effect (fields 'Sociology' are what researchData.ts:466-484 reads)
data/researchTopics.ts	SOC2	Kinship Networks in Migration	true	researchTopics.ts:107; a topic name only, promises no effect (fields 'Sociology' are what researchData.ts:466-484 reads)
data/researchTopics.ts	SOC3	Credentialing and Occupational Closure	true	researchTopics.ts:108; a topic name only, promises no effect (fields 'Sociology' are what researchData.ts:466-484 reads)
data/researchTopics.ts	SOC4	Rural Depopulation and Civic Life	true	researchTopics.ts:109; a topic name only, promises no effect (fields 'Sociology' are what researchData.ts:466-484 reads)
data/researchTopics.ts	SOC5	Housing Tenure and Social Trust	true	researchTopics.ts:110; a topic name only, promises no effect (fields 'Sociology' are what researchData.ts:466-484 reads)
data/researchTopics.ts	SOC6	Informal Care Work Across Generations	true	researchTopics.ts:111; a topic name only, promises no effect (fields 'Sociology' are what researchData.ts:466-484 reads)
data/researchTopics.ts	MAT1	Rigidity in High-Dimensional Geometry	true	researchTopics.ts:114; a topic name only, promises no effect (fields 'Mathematics' are what researchData.ts:466-484 reads)
data/researchTopics.ts	MAT2	Prime Gaps and Sieve Methods	true	researchTopics.ts:115; a topic name only, promises no effect (fields 'Mathematics' are what researchData.ts:466-484 reads)
data/researchTopics.ts	MAT3	Spectral Methods for Sparse Graphs	true	researchTopics.ts:116; a topic name only, promises no effect (fields 'Mathematics' are what researchData.ts:466-484 reads)
data/researchTopics.ts	MAT4	Optimal Transport and Curvature	true	researchTopics.ts:117; a topic name only, promises no effect (fields 'Mathematics' are what researchData.ts:466-484 reads)
data/researchTopics.ts	MAT5	Randomized Algorithms for Linear Systems	true	researchTopics.ts:118; a topic name only, promises no effect (fields 'Mathematics' are what researchData.ts:466-484 reads)
data/researchTopics.ts	MAT6	Dynamics of Coupled Oscillators	true	researchTopics.ts:119; a topic name only, promises no effect (fields 'Mathematics' are what researchData.ts:466-484 reads)
data/researchTopics.ts	PHY1	Room-Temperature Superconductivity	true	researchTopics.ts:122; a topic name only, promises no effect (fields 'Physics' are what researchData.ts:466-484 reads)
data/researchTopics.ts	PHY2	Precision Tests of the Weak Interaction	true	researchTopics.ts:123; a topic name only, promises no effect (fields 'Physics' are what researchData.ts:466-484 reads)
data/researchTopics.ts	PHY3	Hypersonic Boundary-Layer Transition	true	researchTopics.ts:124; a topic name only, promises no effect (fields 'Physics' are what researchData.ts:466-484 reads)
data/researchTopics.ts	PHY4	Plasma Propulsion at Small Scale	true	researchTopics.ts:125; a topic name only, promises no effect (fields 'Physics' are what researchData.ts:466-484 reads)
data/researchTopics.ts	PHY5	Turbulence at High Reynolds Number	true	researchTopics.ts:126; a topic name only, promises no effect (fields 'Physics' are what researchData.ts:466-484 reads)
data/researchTopics.ts	PHY6	Metamaterials for Acoustic Control	true	researchTopics.ts:127; a topic name only, promises no effect (fields 'Physics' are what researchData.ts:466-484 reads)
data/researchTopics.ts	PHY7	Quantum Noise in Precision Measurement	true	researchTopics.ts:128; a topic name only, promises no effect (fields 'Physics' are what researchData.ts:466-484 reads)
data/researchTopics.ts	PHY8	Re-Entry Heating and Ablative Shields	true	researchTopics.ts:129; a topic name only, promises no effect (fields 'Physics' are what researchData.ts:466-484 reads)
data/researchTopics.ts	CHE1	Catalysis Without Rare Earths	true	researchTopics.ts:131; a topic name only, promises no effect (fields 'Chemistry' are what researchData.ts:466-484 reads)
data/researchTopics.ts	CHE2	Self-Assembling Molecular Machines	true	researchTopics.ts:132; a topic name only, promises no effect (fields 'Chemistry' are what researchData.ts:466-484 reads)
data/researchTopics.ts	CHE3	Reaction Mechanisms in Confined Water	true	researchTopics.ts:133; a topic name only, promises no effect (fields 'Chemistry' are what researchData.ts:466-484 reads)
data/researchTopics.ts	CHE4	Continuous-Flow Synthesis at Plant Scale	true	researchTopics.ts:134; a topic name only, promises no effect (fields 'Chemistry' are what researchData.ts:466-484 reads)
data/researchTopics.ts	CHE5	Separation Membranes for Industrial Solvents	true	researchTopics.ts:135; a topic name only, promises no effect (fields 'Chemistry' are what researchData.ts:466-484 reads)
data/researchTopics.ts	CHE6	Photochemistry of Atmospheric Aerosols	true	researchTopics.ts:136; a topic name only, promises no effect (fields 'Chemistry' are what researchData.ts:466-484 reads)
data/researchTopics.ts	BIO1	Horizontal Gene Transfer in Soil Communities	true	researchTopics.ts:137; a topic name only, promises no effect (fields 'Biology' are what researchData.ts:466-484 reads)
data/researchTopics.ts	BIO2	Resilience of Pollinator Networks	true	researchTopics.ts:138; a topic name only, promises no effect (fields 'Biology' are what researchData.ts:466-484 reads)
data/researchTopics.ts	BIO3	Regeneration in Freshwater Invertebrates	true	researchTopics.ts:139; a topic name only, promises no effect (fields 'Biology' are what researchData.ts:466-484 reads)
data/researchTopics.ts	BIO4	Microbiome Assembly in Early Life	true	researchTopics.ts:140; a topic name only, promises no effect (fields 'Biology' are what researchData.ts:466-484 reads)
data/researchTopics.ts	BIO5	Thermal Tolerance and Range Shift	true	researchTopics.ts:141; a topic name only, promises no effect (fields 'Biology' are what researchData.ts:466-484 reads)
data/researchTopics.ts	BIO6	Seed Banks and Drought Recovery	true	researchTopics.ts:142; a topic name only, promises no effect (fields 'Biology' are what researchData.ts:466-484 reads)
data/researchTopics.ts	PUB1	Transmission Modeling in Dense Cities	true	researchTopics.ts:145; a topic name only, promises no effect (fields 'Public Health' are what researchData.ts:466-484 reads)
data/researchTopics.ts	PUB2	Nutrition Policy and Chronic Disease	true	researchTopics.ts:146; a topic name only, promises no effect (fields 'Public Health' are what researchData.ts:466-484 reads)
data/researchTopics.ts	PUB3	Screening Uptake in Underserved Districts	true	researchTopics.ts:147; a topic name only, promises no effect (fields 'Public Health' are what researchData.ts:466-484 reads)
data/researchTopics.ts	PUB4	Heat, Housing and Excess Mortality	true	researchTopics.ts:148; a topic name only, promises no effect (fields 'Public Health' are what researchData.ts:466-484 reads)
data/researchTopics.ts	PUB5	Vaccine Logistics in Rural Networks	true	researchTopics.ts:149; a topic name only, promises no effect (fields 'Public Health' are what researchData.ts:466-484 reads)
data/researchTopics.ts	PUB6	Occupational Exposure in Light Industry	true	researchTopics.ts:150; a topic name only, promises no effect (fields 'Public Health' are what researchData.ts:466-484 reads)
data/researchTopics.ts	CLI1	Antimicrobial Stewardship at the Bedside	true	researchTopics.ts:151; a topic name only, promises no effect (fields 'Clinical Health' are what researchData.ts:466-484 reads)
data/researchTopics.ts	CLI2	Deprescribing in Complex Patients	true	researchTopics.ts:152; a topic name only, promises no effect (fields 'Clinical Health' are what researchData.ts:466-484 reads)
data/researchTopics.ts	CLI3	Handover Protocols and Avoidable Error	true	researchTopics.ts:153; a topic name only, promises no effect (fields 'Clinical Health' are what researchData.ts:466-484 reads)
data/researchTopics.ts	CLI4	Rehabilitation Adherence After Discharge	true	researchTopics.ts:154; a topic name only, promises no effect (fields 'Clinical Health' are what researchData.ts:466-484 reads)
data/researchTopics.ts	CLI5	Point-of-Care Diagnostics in Primary Clinics	true	researchTopics.ts:155; a topic name only, promises no effect (fields 'Clinical Health' are what researchData.ts:466-484 reads)
data/researchTopics.ts	CLI6	Pain Assessment in Non-Verbal Patients	true	researchTopics.ts:156; a topic name only, promises no effect (fields 'Clinical Health' are what researchData.ts:466-484 reads)
data/researchTopics.ts	NEU1	Synaptic Pruning in the Adolescent Brain	true	researchTopics.ts:157; a topic name only, promises no effect (fields 'Neuroscience' are what researchData.ts:466-484 reads)
data/researchTopics.ts	NEU2	Neural Correlates of Decision Reversal	true	researchTopics.ts:158; a topic name only, promises no effect (fields 'Neuroscience' are what researchData.ts:466-484 reads)
data/researchTopics.ts	NEU3	Sleep Spindles and Memory Consolidation	true	researchTopics.ts:159; a topic name only, promises no effect (fields 'Neuroscience' are what researchData.ts:466-484 reads)
data/researchTopics.ts	NEU4	Interneuron Diversity in Cortical Circuits	true	researchTopics.ts:160; a topic name only, promises no effect (fields 'Neuroscience' are what researchData.ts:466-484 reads)
data/researchTopics.ts	NEU5	Neuroimmune Signalling After Injury	true	researchTopics.ts:161; a topic name only, promises no effect (fields 'Neuroscience' are what researchData.ts:466-484 reads). British spelling "Signalling" (US "Signaling")
data/researchTopics.ts	NEU6	Plasticity Limits in the Adult Visual Cortex	true	researchTopics.ts:162; a topic name only, promises no effect (fields 'Neuroscience' are what researchData.ts:466-484 reads)
data/researchTopics.ts	KIN1	Load Management and Soft-Tissue Injury	true	researchTopics.ts:163; a topic name only, promises no effect (fields 'Kinesiology' are what researchData.ts:466-484 reads)
data/researchTopics.ts	KIN2	Motor Learning After Stroke	true	researchTopics.ts:164; a topic name only, promises no effect (fields 'Kinesiology' are what researchData.ts:466-484 reads)
data/researchTopics.ts	KIN3	Gait Asymmetry and Long-Term Joint Health	true	researchTopics.ts:165; a topic name only, promises no effect (fields 'Kinesiology' are what researchData.ts:466-484 reads)
data/researchTopics.ts	KIN4	Heat Acclimation in Endurance Athletes	true	researchTopics.ts:166; a topic name only, promises no effect (fields 'Kinesiology' are what researchData.ts:466-484 reads)
data/researchTopics.ts	KIN5	Return-to-Play Criteria After Concussion	true	researchTopics.ts:167; a topic name only, promises no effect (fields 'Kinesiology' are what researchData.ts:466-484 reads)
data/researchTopics.ts	KIN6	Strength Training in Later Life	true	researchTopics.ts:168; a topic name only, promises no effect (fields 'Kinesiology' are what researchData.ts:466-484 reads)
data/researchTopics.ts	CMP1	Verified Compilation	true	researchTopics.ts:171; a topic name only, promises no effect (fields 'Computer Science' are what researchData.ts:466-484 reads)
data/researchTopics.ts	CMP2	Consistency in Geo-Distributed Systems	true	researchTopics.ts:172; a topic name only, promises no effect (fields 'Computer Science' are what researchData.ts:466-484 reads)
data/researchTopics.ts	CMP3	Program Synthesis From Examples	true	researchTopics.ts:173; a topic name only, promises no effect (fields 'Computer Science' are what researchData.ts:466-484 reads)
data/researchTopics.ts	CMP4	Memory Safety Without Runtime Cost	true	researchTopics.ts:174; a topic name only, promises no effect (fields 'Computer Science' are what researchData.ts:466-484 reads)
data/researchTopics.ts	CMP5	Scheduling for Heterogeneous Accelerators	true	researchTopics.ts:175; a topic name only, promises no effect (fields 'Computer Science' are what researchData.ts:466-484 reads)
data/researchTopics.ts	CMP6	Formal Models of Concurrent Protocols	true	researchTopics.ts:176; a topic name only, promises no effect (fields 'Computer Science' are what researchData.ts:466-484 reads)
data/researchTopics.ts	AIX1	Interpretability of Learned Representations	true	researchTopics.ts:177; a topic name only, promises no effect (fields 'Artificial Intelligence' are what researchData.ts:466-484 reads)
data/researchTopics.ts	AIX2	Sample-Efficient Reinforcement Learning	true	researchTopics.ts:178; a topic name only, promises no effect (fields 'Artificial Intelligence' are what researchData.ts:466-484 reads)
data/researchTopics.ts	AIX3	Robustness Under Distribution Shift	true	researchTopics.ts:179; a topic name only, promises no effect (fields 'Artificial Intelligence' are what researchData.ts:466-484 reads)
data/researchTopics.ts	AIX4	Retrieval and Grounding in Language Models	true	researchTopics.ts:180; a topic name only, promises no effect (fields 'Artificial Intelligence' are what researchData.ts:466-484 reads)
data/researchTopics.ts	AIX5	Uncertainty Calibration for Decision Support	true	researchTopics.ts:181; a topic name only, promises no effect (fields 'Artificial Intelligence' are what researchData.ts:466-484 reads)
data/researchTopics.ts	AIX6	Curricula for Long-Horizon Agents	true	researchTopics.ts:182; a topic name only, promises no effect (fields 'Artificial Intelligence' are what researchData.ts:466-484 reads)
data/researchTopics.ts	INF1	Provenance in Federated Data Systems	true	researchTopics.ts:183; a topic name only, promises no effect (fields 'Information Systems' are what researchData.ts:466-484 reads)
data/researchTopics.ts	INF2	Adversarial Resilience of Critical Infrastructure	true	researchTopics.ts:184; a topic name only, promises no effect (fields 'Information Systems' are what researchData.ts:466-484 reads)
data/researchTopics.ts	INF3	Access Control in Multi-Tenant Platforms	true	researchTopics.ts:185; a topic name only, promises no effect (fields 'Information Systems' are what researchData.ts:466-484 reads)
data/researchTopics.ts	INF4	Data Quality in Longitudinal Registries	true	researchTopics.ts:186; a topic name only, promises no effect (fields 'Information Systems' are what researchData.ts:466-484 reads)
data/researchTopics.ts	INF5	Migration Risk in Legacy Systems	true	researchTopics.ts:187; a topic name only, promises no effect (fields 'Information Systems' are what researchData.ts:466-484 reads)
data/researchTopics.ts	INF6	Interoperability Standards for Public Records	true	researchTopics.ts:188; a topic name only, promises no effect (fields 'Information Systems' are what researchData.ts:466-484 reads)
data/researchTopics.ts	MEC1	Fatigue in Additively Manufactured Parts	true	researchTopics.ts:191; a topic name only, promises no effect (fields 'Mechanical Engineering' are what researchData.ts:466-484 reads)
data/researchTopics.ts	MEC2	Compliant Mechanisms for Soft Robotics	true	researchTopics.ts:192; a topic name only, promises no effect (fields 'Mechanical Engineering' are what researchData.ts:466-484 reads)
data/researchTopics.ts	MEC3	Thermal Management in Dense Assemblies	true	researchTopics.ts:193; a topic name only, promises no effect (fields 'Mechanical Engineering' are what researchData.ts:466-484 reads)
data/researchTopics.ts	MEC4	Vibration Isolation for Precision Instruments	true	researchTopics.ts:194; a topic name only, promises no effect (fields 'Mechanical Engineering' are what researchData.ts:466-484 reads)
data/researchTopics.ts	MEC5	Wear in Lubricated Contacts	true	researchTopics.ts:195; a topic name only, promises no effect (fields 'Mechanical Engineering' are what researchData.ts:466-484 reads)
data/researchTopics.ts	MEC6	Lightweight Structures From Recycled Alloys	true	researchTopics.ts:196; a topic name only, promises no effect (fields 'Mechanical Engineering' are what researchData.ts:466-484 reads)
data/researchTopics.ts	ELE1	Wide-Bandgap Power Electronics	true	researchTopics.ts:197; a topic name only, promises no effect (fields 'Electrical Engineering' are what researchData.ts:466-484 reads)
data/researchTopics.ts	ELE2	Sub-Threshold Circuits for Implantables	true	researchTopics.ts:198; a topic name only, promises no effect (fields 'Electrical Engineering' are what researchData.ts:466-484 reads)
data/researchTopics.ts	ELE3	Grid-Forming Inverters at the Edge	true	researchTopics.ts:199; a topic name only, promises no effect (fields 'Electrical Engineering' are what researchData.ts:466-484 reads)
data/researchTopics.ts	ELE4	Low-Noise Front Ends for Weak Signals	true	researchTopics.ts:200; a topic name only, promises no effect (fields 'Electrical Engineering' are what researchData.ts:466-484 reads)
data/researchTopics.ts	ELE5	Wireless Power Transfer at Distance	true	researchTopics.ts:201; a topic name only, promises no effect (fields 'Electrical Engineering' are what researchData.ts:466-484 reads)
data/researchTopics.ts	ELE6	Fault Detection in Aging Cable Networks	true	researchTopics.ts:202; a topic name only, promises no effect (fields 'Electrical Engineering' are what researchData.ts:466-484 reads)
data/researchTopics.ts	CIV1	Low-Carbon Structural Concrete	true	researchTopics.ts:203; a topic name only, promises no effect (fields 'Civil Engineering' are what researchData.ts:466-484 reads)
data/researchTopics.ts	CIV2	Seismic Retrofit of Historic Masonry	true	researchTopics.ts:204; a topic name only, promises no effect (fields 'Civil Engineering' are what researchData.ts:466-484 reads)
data/researchTopics.ts	CIV3	Scour and the Long Life of Bridges	true	researchTopics.ts:205; a topic name only, promises no effect (fields 'Civil Engineering' are what researchData.ts:466-484 reads)
data/researchTopics.ts	CIV4	Permeable Pavements and Urban Flooding	true	researchTopics.ts:206; a topic name only, promises no effect (fields 'Civil Engineering' are what researchData.ts:466-484 reads)
data/researchTopics.ts	CIV5	Timber Towers and Fire Performance	true	researchTopics.ts:207; a topic name only, promises no effect (fields 'Civil Engineering' are what researchData.ts:466-484 reads)
data/researchTopics.ts	CIV6	Settlement Prediction in Soft Ground	true	researchTopics.ts:208; a topic name only, promises no effect (fields 'Civil Engineering' are what researchData.ts:466-484 reads)
data/researchTopics.ts	OPS1	Resilient Supply Networks Under Shock	true	researchTopics.ts:209; a topic name only, promises no effect (fields 'Operations Research' are what researchData.ts:466-484 reads)
data/researchTopics.ts	OPS2	Stochastic Scheduling at Scale	true	researchTopics.ts:210; a topic name only, promises no effect (fields 'Operations Research' are what researchData.ts:466-484 reads)
data/researchTopics.ts	OPS3	Fleet Routing With Uncertain Demand	true	researchTopics.ts:211; a topic name only, promises no effect (fields 'Operations Research' are what researchData.ts:466-484 reads)
data/researchTopics.ts	OPS4	Inventory Policy for Perishable Goods	true	researchTopics.ts:212; a topic name only, promises no effect (fields 'Operations Research' are what researchData.ts:466-484 reads)
data/researchTopics.ts	OPS5	Queueing in Emergency Services	true	researchTopics.ts:213; a topic name only, promises no effect (fields 'Operations Research' are what researchData.ts:466-484 reads)
data/researchTopics.ts	OPS6	Network Design Under a Fixed Budget	true	researchTopics.ts:214; a topic name only, promises no effect (fields 'Operations Research' are what researchData.ts:466-484 reads)
data/researchTopics.ts	ACC1	Detecting Earnings Management	true	researchTopics.ts:217; a topic name only, promises no effect (fields 'Accounting & Finance' are what researchData.ts:466-484 reads)
data/researchTopics.ts	ACC2	Liquidity in Fragmented Markets	true	researchTopics.ts:218; a topic name only, promises no effect (fields 'Accounting & Finance' are what researchData.ts:466-484 reads)
data/researchTopics.ts	ACC3	Auditor Independence and Rotation	true	researchTopics.ts:219; a topic name only, promises no effect (fields 'Accounting & Finance' are what researchData.ts:466-484 reads)
data/researchTopics.ts	ACC4	Disclosure Language and Investor Reaction	true	researchTopics.ts:220; a topic name only, promises no effect (fields 'Accounting & Finance' are what researchData.ts:466-484 reads)
data/researchTopics.ts	ACC5	Credit Risk in Small-Firm Lending	true	researchTopics.ts:221; a topic name only, promises no effect (fields 'Accounting & Finance' are what researchData.ts:466-484 reads)
data/researchTopics.ts	ACC6	Municipal Debt and the Cost of Infrastructure	true	researchTopics.ts:222; a topic name only, promises no effect (fields 'Accounting & Finance' are what researchData.ts:466-484 reads)
data/researchTopics.ts	MRK1	Preference Formation in Choice Overload	true	researchTopics.ts:223; a topic name only, promises no effect (fields 'Marketing' are what researchData.ts:466-484 reads)
data/researchTopics.ts	MRK2	Trust and Recommendation Systems	true	researchTopics.ts:224; a topic name only, promises no effect (fields 'Marketing' are what researchData.ts:466-484 reads)
data/researchTopics.ts	MRK3	Pricing Fairness and Perceived Value	true	researchTopics.ts:225; a topic name only, promises no effect (fields 'Marketing' are what researchData.ts:466-484 reads)
data/researchTopics.ts	MRK4	Brand Meaning Across Generations	true	researchTopics.ts:226; a topic name only, promises no effect (fields 'Marketing' are what researchData.ts:466-484 reads)
data/researchTopics.ts	MRK5	Word of Mouth in Sparse Networks	true	researchTopics.ts:227; a topic name only, promises no effect (fields 'Marketing' are what researchData.ts:466-484 reads)
data/researchTopics.ts	MRK6	The Ethics of Persuasive Design	true	researchTopics.ts:228; a topic name only, promises no effect (fields 'Marketing' are what researchData.ts:466-484 reads)
data/researchTopics.ts	MGT1	Coordination Costs in Distributed Teams	true	researchTopics.ts:229; a topic name only, promises no effect (fields 'Management' are what researchData.ts:466-484 reads)
data/researchTopics.ts	MGT2	Founding Teams and Firm Survival	true	researchTopics.ts:230; a topic name only, promises no effect (fields 'Management' are what researchData.ts:466-484 reads)
data/researchTopics.ts	MGT3	Middle Managers and Strategy Execution	true	researchTopics.ts:231; a topic name only, promises no effect (fields 'Management' are what researchData.ts:466-484 reads)
data/researchTopics.ts	MGT4	Succession in Family-Owned Firms	true	researchTopics.ts:232; a topic name only, promises no effect (fields 'Management' are what researchData.ts:466-484 reads)
data/researchTopics.ts	MGT5	Learning Curves in Complex Operations	true	researchTopics.ts:233; a topic name only, promises no effect (fields 'Management' are what researchData.ts:466-484 reads)
data/researchTopics.ts	MGT6	Incentives and Unintended Behavior	true	researchTopics.ts:234; a topic name only, promises no effect (fields 'Management' are what researchData.ts:466-484 reads)
data/researchTopics.ts	LAW1	Liability for Autonomous Systems	true	researchTopics.ts:237; a topic name only, promises no effect (fields 'Law' are what researchData.ts:466-484 reads)
data/researchTopics.ts	LAW2	Procedural Fairness in Administrative Courts	true	researchTopics.ts:238; a topic name only, promises no effect (fields 'Law' are what researchData.ts:466-484 reads)
data/researchTopics.ts	LAW3	Evidence Standards for Statistical Proof	true	researchTopics.ts:239; a topic name only, promises no effect (fields 'Law' are what researchData.ts:466-484 reads)
data/researchTopics.ts	LAW4	Contract Interpretation in Long Relationships	true	researchTopics.ts:240; a topic name only, promises no effect (fields 'Law' are what researchData.ts:466-484 reads)
data/researchTopics.ts	LAW5	Regulatory Capture in Technical Standards	true	researchTopics.ts:241; a topic name only, promises no effect (fields 'Law' are what researchData.ts:466-484 reads)
data/researchTopics.ts	LAW6	Privacy Doctrine After Ubiquitous Sensing	true	researchTopics.ts:242; a topic name only, promises no effect (fields 'Law' are what researchData.ts:466-484 reads)
data/researchTopics.ts	X01	Computational Neuroscience of Learning	true	researchTopics.ts:249; a topic name only, promises no effect (fields 'Neuroscience', 'Computer Science' are what researchData.ts:466-484 reads)
data/researchTopics.ts	X02	Climate Economics and Ecosystem Valuation	true	researchTopics.ts:250; a topic name only, promises no effect (fields 'Biology', 'Economics' are what researchData.ts:466-484 reads)
data/researchTopics.ts	X03	Medical Imaging Physics	true	researchTopics.ts:251; a topic name only, promises no effect (fields 'Physics', 'Clinical Health' are what researchData.ts:466-484 reads)
data/researchTopics.ts	X04	Digital Humanities at Scale	true	researchTopics.ts:252; a topic name only, promises no effect (fields 'History', 'Computer Science' are what researchData.ts:466-484 reads)
data/researchTopics.ts	X05	The Ethics of Machine Decision-Making	true	researchTopics.ts:253; a topic name only, promises no effect (fields 'Philosophy', 'Computer Science' are what researchData.ts:466-484 reads)
data/researchTopics.ts	X06	Urban Mobility and Public Health	true	researchTopics.ts:254; a topic name only, promises no effect (fields 'Civil Engineering', 'Public Health' are what researchData.ts:466-484 reads)
data/researchTopics.ts	X07	Behavioral Foundations of Market Design	true	researchTopics.ts:255; a topic name only, promises no effect (fields 'Psychology', 'Economics' are what researchData.ts:466-484 reads)
data/researchTopics.ts	X08	Materials for Implantable Devices	true	researchTopics.ts:256; a topic name only, promises no effect (fields 'Chemistry', 'Electrical Engineering', 'Clinical Health' are what researchData.ts:466-484 reads)
data/researchTopics.ts	X09	Algorithmic Fairness in Public Policy	true	researchTopics.ts:257; a topic name only, promises no effect (fields 'Computer Science', 'Political Science' are what researchData.ts:466-484 reads)
data/researchTopics.ts	X10	Acoustics of Performance Spaces	true	researchTopics.ts:258; a topic name only, promises no effect (fields 'Physics', 'Music' are what researchData.ts:466-484 reads)
data/researchTopics.ts	X11	Epidemic Forecasting and Logistics	true	researchTopics.ts:259; a topic name only, promises no effect (fields 'Biology', 'Public Health', 'Operations Research' are what researchData.ts:466-484 reads)
data/researchTopics.ts	X12	Narrative, Memory and the Clinical Interview	true	researchTopics.ts:260; a topic name only, promises no effect (fields 'English', 'Neuroscience' are what researchData.ts:466-484 reads)
data/researchTopics.ts	X13	Provenance and Authentication of Artworks	true	researchTopics.ts:261; a topic name only, promises no effect (fields 'Chemistry', 'Art & Design' are what researchData.ts:466-484 reads)
data/researchTopics.ts	X14	Social Networks and Disease Transmission	true	researchTopics.ts:262; a topic name only, promises no effect (fields 'Sociology', 'Biology' are what researchData.ts:466-484 reads)
data/researchTopics.ts	X15	Autonomous Systems, Law and Liability	true	researchTopics.ts:263; a topic name only, promises no effect (fields 'Law', 'Computer Science' are what researchData.ts:466-484 reads)
data/researchTopics.ts	X16	Biomechanics of Human Performance	true	researchTopics.ts:264; a topic name only, promises no effect (fields 'Kinesiology', 'Mechanical Engineering' are what researchData.ts:466-484 reads)
data/researchTopics.ts	X17	Archaeological Dating and Isotope Chemistry	true	researchTopics.ts:267; a topic name only, promises no effect (fields 'Chemistry', 'History' are what researchData.ts:466-484 reads)
data/researchTopics.ts	X18	Media, Attention and Democratic Participation	true	researchTopics.ts:268; a topic name only, promises no effect (fields 'Communication', 'Political Science' are what researchData.ts:466-484 reads)
data/researchTopics.ts	X19	Structural Health Monitoring of Bridges	true	researchTopics.ts:269; a topic name only, promises no effect (fields 'Civil Engineering', 'Information Systems' are what researchData.ts:466-484 reads)
data/researchTopics.ts	X20	Energy Storage Chemistry for the Grid	true	researchTopics.ts:270; a topic name only, promises no effect (fields 'Chemistry', 'Electrical Engineering' are what researchData.ts:466-484 reads)
data/researchTopics.ts	X21	Wind Loading on Tall Timber Buildings	true	researchTopics.ts:271; a topic name only, promises no effect (fields 'Physics', 'Civil Engineering' are what researchData.ts:466-484 reads)
data/researchTopics.ts	X22	Prosthetic Control From Nerve Signals	true	researchTopics.ts:272; a topic name only, promises no effect (fields 'Neuroscience', 'Electrical Engineering' are what researchData.ts:466-484 reads)
data/researchTopics.ts	X23	Forensic Chemistry and Standards of Proof	true	researchTopics.ts:273; a topic name only, promises no effect (fields 'Chemistry', 'Law' are what researchData.ts:466-484 reads)
data/researchTopics.ts	X24	Auditing Algorithms for Financial Disclosure	true	researchTopics.ts:274; a topic name only, promises no effect (fields 'Computer Science', 'Accounting & Finance' are what researchData.ts:466-484 reads)
data/researchTopics.ts	X25	Public Memory and Documentary Practice	true	researchTopics.ts:275; a topic name only, promises no effect (fields 'History', 'Communication' are what researchData.ts:466-484 reads)
data/researchTopics.ts	X26	Noise, Housing and Urban Form	true	researchTopics.ts:276; a topic name only, promises no effect (fields 'Civil Engineering', 'Public Health' are what researchData.ts:466-484 reads)
data/researchTopics.ts	X27	Machine Translation and Literary Style	true	researchTopics.ts:277; a topic name only, promises no effect (fields 'Computer Science', 'English' are what researchData.ts:466-484 reads)
data/researchTopics.ts	X28	Data Journalism and Statistical Literacy	true	researchTopics.ts:278; a topic name only, promises no effect (fields 'Communication', 'Mathematics' are what researchData.ts:466-484 reads)
data/researchTopics.ts	X29	Supply Chains Under Climate Stress	true	researchTopics.ts:279; a topic name only, promises no effect (fields 'Economics', 'Operations Research' are what researchData.ts:466-484 reads)
data/researchTopics.ts	X30	Market Microstructure Simulation	true	researchTopics.ts:280; a topic name only, promises no effect (fields 'Economics', 'Computer Science' are what researchData.ts:466-484 reads)
data/researchTopics.ts	X31	Perception and Interface Legibility	true	researchTopics.ts:281; a topic name only, promises no effect (fields 'Neuroscience', 'Art & Design' are what researchData.ts:466-484 reads)
data/researchTopics.ts	X32	Rehabilitation Robotics	true	researchTopics.ts:282; a topic name only, promises no effect (fields 'Mechanical Engineering', 'Kinesiology' are what researchData.ts:466-484 reads)
data/researchTopics.ts	X33	Wearable Sensing and Athlete Monitoring	true	researchTopics.ts:283; a topic name only, promises no effect (fields 'Electrical Engineering', 'Kinesiology' are what researchData.ts:466-484 reads)
data/researchTopics.ts	X34	Soil Microbiology and Land Policy	true	researchTopics.ts:284; a topic name only, promises no effect (fields 'Biology', 'Political Science' are what researchData.ts:466-484 reads)
data/researchTopics.ts	X35	Conservation Genetics and Land Trusts	true	researchTopics.ts:285; a topic name only, promises no effect (fields 'Biology', 'Law' are what researchData.ts:466-484 reads)
data/researchTopics.ts	X36	The Epidemiology of Antimicrobial Resistance	true	researchTopics.ts:286; a topic name only, promises no effect (fields 'Biology', 'Clinical Health' are what researchData.ts:466-484 reads)
data/researchTopics.ts	X37	Behavioral Nudges in Public Programs	true	researchTopics.ts:287; a topic name only, promises no effect (fields 'Economics', 'Psychology' are what researchData.ts:466-484 reads)
data/researchTopics.ts	X38	Historical Climate Reconstruction	true	researchTopics.ts:288; a topic name only, promises no effect (fields 'History', 'Biology' are what researchData.ts:466-484 reads)
data/researchTopics.ts	X39	The Ethics of Human-Subject Research	true	researchTopics.ts:289; a topic name only, promises no effect (fields 'Philosophy', 'Neuroscience' are what researchData.ts:466-484 reads)
data/researchTopics.ts	X40	Music Perception and the Auditory Cortex	true	researchTopics.ts:290; a topic name only, promises no effect (fields 'Neuroscience', 'Music' are what researchData.ts:466-484 reads)
data/researchTopics.ts	X41	Archival Digitization at Scale	true	researchTopics.ts:291; a topic name only, promises no effect (fields 'History', 'Information Systems' are what researchData.ts:466-484 reads)
data/researchTopics.ts	X42	Cyber-Resilience of Municipal Utilities	true	researchTopics.ts:292; a topic name only, promises no effect (fields 'Computer Science', 'Information Systems', 'Civil Engineering' are what researchData.ts:466-484 reads)
data/researchTopics.ts	X43	Emissions Accounting for Heavy Industry	true	researchTopics.ts:293; a topic name only, promises no effect (fields 'Chemistry', 'Accounting & Finance' are what researchData.ts:466-484 reads)
data/researchTopics.ts	X44	The Operations of Disaster Response	true	researchTopics.ts:294; a topic name only, promises no effect (fields 'Operations Research', 'Civil Engineering' are what researchData.ts:466-484 reads)
data/researchTopics.ts	X45	The Political Economy of Infrastructure	true	researchTopics.ts:295; a topic name only, promises no effect (fields 'Economics', 'Political Science', 'Civil Engineering' are what researchData.ts:466-484 reads)
data/researchTopics.ts	X46	Consumer Trust in Automated Advice	true	researchTopics.ts:296; a topic name only, promises no effect (fields 'Marketing', 'Computer Science' are what researchData.ts:466-484 reads)
data/researchTopics.ts	X47	Organizational Learning in Engineering Firms	true	researchTopics.ts:297; a topic name only, promises no effect (fields 'Management', 'Mechanical Engineering' are what researchData.ts:466-484 reads)
data/researchTopics.ts	X48	Firm Boundaries and Market Structure	true	researchTopics.ts:298; a topic name only, promises no effect (fields 'Economics', 'Management' are what researchData.ts:466-484 reads)
data/researchTopics.ts	X49	Neuroergonomics of Control Rooms	true	researchTopics.ts:299; a topic name only, promises no effect (fields 'Neuroscience', 'Electrical Engineering', 'Psychology' are what researchData.ts:466-484 reads)
data/researchTopics.ts	X50	Speech Technology and Accent Bias	true	researchTopics.ts:300; a topic name only, promises no effect (fields 'Computer Science', 'Communication' are what researchData.ts:466-484 reads)
data/researchTopics.ts	X51	Water Treatment for Small Systems	true	researchTopics.ts:301; a topic name only, promises no effect (fields 'Chemistry', 'Civil Engineering' are what researchData.ts:466-484 reads)
data/researchTopics.ts	X52	Scientific Collaboration as a Social Form	true	researchTopics.ts:302; a topic name only, promises no effect (fields 'Sociology', 'History' are what researchData.ts:466-484 reads)
data/researchTopics.ts	X53	Privacy Law and Networked Sensors	true	researchTopics.ts:303; a topic name only, promises no effect (fields 'Law', 'Electrical Engineering' are what researchData.ts:466-484 reads)
data/researchTopics.ts	X54	The Mathematics of Structural Optimization	true	researchTopics.ts:304; a topic name only, promises no effect (fields 'Mathematics', 'Mechanical Engineering' are what researchData.ts:466-484 reads)
data/researchTopics.ts	X55	Learning Algorithms and Cortical Models	true	researchTopics.ts:305; a topic name only, promises no effect (fields 'Artificial Intelligence', 'Neuroscience' are what researchData.ts:466-484 reads)
data/researchTopics.ts	X56	Autonomy, Liability and Machine Decisions	true	researchTopics.ts:306; a topic name only, promises no effect (fields 'Artificial Intelligence', 'Law', 'Computer Science' are what researchData.ts:466-484 reads)
data/researchTopics.ts	X57	Pricing, Platforms and Market Power	true	researchTopics.ts:307; a topic name only, promises no effect (fields 'Marketing', 'Economics' are what researchData.ts:466-484 reads)
data/researchTopics.ts	X58	Thermal Control of Small Satellites	true	researchTopics.ts:310; a topic name only, promises no effect (fields 'Physics', 'Mechanical Engineering' are what researchData.ts:466-484 reads)
data/researchTopics.ts	X59	Instrumentation for Flight Testing	true	researchTopics.ts:311; a topic name only, promises no effect (fields 'Physics', 'Electrical Engineering' are what researchData.ts:466-484 reads)
data/researchTopics.ts	X60	Quantum Sensing for Navigation	true	researchTopics.ts:312; a topic name only, promises no effect (fields 'Physics', 'Electrical Engineering' are what researchData.ts:466-484 reads)
data/researchTopics.ts	X61	Gravitational-Wave Data Analysis	true	researchTopics.ts:313; a topic name only, promises no effect (fields 'Physics', 'Computer Science' are what researchData.ts:466-484 reads)
data/researchTopics.ts	X62	Cryogenics for Precision Measurement	true	researchTopics.ts:314; a topic name only, promises no effect (fields 'Physics', 'Mechanical Engineering' are what researchData.ts:466-484 reads)
data/researchTopics.ts	X63	Additive Manufacture of Musical Instruments	true	researchTopics.ts:319; a topic name only, promises no effect (fields 'Mechanical Engineering', 'Music' are what researchData.ts:466-484 reads)
data/researchTopics.ts	X64	Generative Design and the Machine-Made Form	true	researchTopics.ts:320; a topic name only, promises no effect (fields 'Mechanical Engineering', 'Art & Design' are what researchData.ts:466-484 reads)
data/researchTopics.ts	X65	Safety Factors and the Ethics of Tolerable Risk	true	researchTopics.ts:321; a topic name only, promises no effect (fields 'Mechanical Engineering', 'Philosophy' are what researchData.ts:466-484 reads)
data/researchTopics.ts	X66	Process Optimization With Learned Surrogates	true	researchTopics.ts:322; a topic name only, promises no effect (fields 'Chemistry', 'Artificial Intelligence' are what researchData.ts:466-484 reads)
data/researchTopics.ts	X67	Costing the Circular Plant	true	researchTopics.ts:323; a topic name only, promises no effect (fields 'Chemistry', 'Accounting & Finance' are what researchData.ts:466-484 reads)
data/researchTopics.ts	X68	Reactor Models With Rigorous Error Bounds	true	researchTopics.ts:324; a topic name only, promises no effect (fields 'Chemistry', 'Mathematics' are what researchData.ts:466-484 reads)
data/researchTopics.ts	X69	Ephemerides and the Numerics of Orbit Prediction	true	researchTopics.ts:325; a topic name only, promises no effect (fields 'Physics', 'Mathematics' are what researchData.ts:466-484 reads)
data/researchTopics.ts	X70	Managing the Flight-Test Program	true	researchTopics.ts:326; a topic name only, promises no effect (fields 'Physics', 'Management' are what researchData.ts:466-484 reads)
data/researchTopics.ts	X71	Aerial Cinematography and Camera Platforms	true	researchTopics.ts:327; a topic name only, promises no effect (fields 'Physics', 'Communication' are what researchData.ts:466-484 reads)
data/researchTopics.ts	X72	Sonic Branding and Listener Recall	true	researchTopics.ts:328; a topic name only, promises no effect (fields 'Communication', 'Marketing' are what researchData.ts:466-484 reads)
data/researchTopics.ts	X73	Adaptation From Page to Screen	true	researchTopics.ts:329; a topic name only, promises no effect (fields 'English', 'Communication' are what researchData.ts:466-484 reads)
data/studentLifeData.ts	CLUB_NAMES	Chess Club	true	studentLifeData.ts:107; a club name; every club is worth the same 0.6 social (studentLifeData.ts:59,1148-1150)
data/studentLifeData.ts	CLUB_NAMES	Debate Union	true	studentLifeData.ts:107; a club name; every club is worth the same 0.6 social (studentLifeData.ts:59,1148-1150)
data/studentLifeData.ts	CLUB_NAMES	Astronomy Society	true	studentLifeData.ts:107; a club name; every club is worth the same 0.6 social (studentLifeData.ts:59,1148-1150)
data/studentLifeData.ts	CLUB_NAMES	Outdoors Club	true	studentLifeData.ts:107; a club name; every club is worth the same 0.6 social (studentLifeData.ts:59,1148-1150)
data/studentLifeData.ts	CLUB_NAMES	Film Society	true	studentLifeData.ts:107; a club name; every club is worth the same 0.6 social (studentLifeData.ts:59,1148-1150); counts as an arts club for the Artsy tag (tags.ts:63)
data/studentLifeData.ts	CLUB_NAMES	Robotics Club	true	studentLifeData.ts:108; a club name; every club is worth the same 0.6 social (studentLifeData.ts:59,1148-1150)
data/studentLifeData.ts	CLUB_NAMES	Model United Nations	true	studentLifeData.ts:108; a club name; every club is worth the same 0.6 social (studentLifeData.ts:59,1148-1150)
data/studentLifeData.ts	CLUB_NAMES	Jazz Ensemble	true	studentLifeData.ts:108; a club name; every club is worth the same 0.6 social (studentLifeData.ts:59,1148-1150); an arts club the Artsy regex misses (tags.ts:63)
data/studentLifeData.ts	CLUB_NAMES	Chamber Orchestra	true	studentLifeData.ts:108; a club name; every club is worth the same 0.6 social (studentLifeData.ts:59,1148-1150); an arts club the Artsy regex misses (tags.ts:63)
data/studentLifeData.ts	CLUB_NAMES	A Cappella Society	true	studentLifeData.ts:108; a club name; every club is worth the same 0.6 social (studentLifeData.ts:59,1148-1150); an arts club the Artsy regex misses (tags.ts:63)
data/studentLifeData.ts	CLUB_NAMES	Student Newspaper	true	studentLifeData.ts:109; a club name; every club is worth the same 0.6 social (studentLifeData.ts:59,1148-1150)
data/studentLifeData.ts	CLUB_NAMES	Radio Station	true	studentLifeData.ts:109; a club name; every club is worth the same 0.6 social (studentLifeData.ts:59,1148-1150)
data/studentLifeData.ts	CLUB_NAMES	Literary Review	true	studentLifeData.ts:109; a club name; every club is worth the same 0.6 social (studentLifeData.ts:59,1148-1150); an arts club the Artsy regex misses (tags.ts:63)
data/studentLifeData.ts	CLUB_NAMES	Photography Club	true	studentLifeData.ts:109; a club name; every club is worth the same 0.6 social (studentLifeData.ts:59,1148-1150); counts as an arts club for the Artsy tag (tags.ts:63)
data/studentLifeData.ts	CLUB_NAMES	Ceramics Guild	true	studentLifeData.ts:109; a club name; every club is worth the same 0.6 social (studentLifeData.ts:59,1148-1150); an arts club the Artsy regex misses (tags.ts:63)
data/studentLifeData.ts	CLUB_NAMES	Improv Troupe	true	studentLifeData.ts:110; a club name; every club is worth the same 0.6 social (studentLifeData.ts:59,1148-1150); an arts club the Artsy regex misses (tags.ts:63)
data/studentLifeData.ts	CLUB_NAMES	Drama Society	true	studentLifeData.ts:110; a club name; every club is worth the same 0.6 social (studentLifeData.ts:59,1148-1150); an arts club the Artsy regex misses (tags.ts:63)
data/studentLifeData.ts	CLUB_NAMES	Dance Collective	true	studentLifeData.ts:110; a club name; every club is worth the same 0.6 social (studentLifeData.ts:59,1148-1150); counts as an arts club for the Artsy tag (tags.ts:63)
data/studentLifeData.ts	CLUB_NAMES	Ballroom Society	true	studentLifeData.ts:110; a club name; every club is worth the same 0.6 social (studentLifeData.ts:59,1148-1150); an arts club the Artsy regex misses (tags.ts:63)
data/studentLifeData.ts	CLUB_NAMES	Marching Band	true	studentLifeData.ts:110; a club name; every club is worth the same 0.6 social (studentLifeData.ts:59,1148-1150); an arts club the Artsy regex misses (tags.ts:63)
data/studentLifeData.ts	CLUB_NAMES	Hiking Club	true	studentLifeData.ts:111; a club name; every club is worth the same 0.6 social (studentLifeData.ts:59,1148-1150)
data/studentLifeData.ts	CLUB_NAMES	Climbing Club	true	studentLifeData.ts:111; a club name; every club is worth the same 0.6 social (studentLifeData.ts:59,1148-1150)
data/studentLifeData.ts	CLUB_NAMES	Cycling Club	true	studentLifeData.ts:111; a club name; every club is worth the same 0.6 social (studentLifeData.ts:59,1148-1150)
data/studentLifeData.ts	CLUB_NAMES	Rowing Club	true	studentLifeData.ts:111; a club name; every club is worth the same 0.6 social (studentLifeData.ts:59,1148-1150)
data/studentLifeData.ts	CLUB_NAMES	Ultimate Frisbee Club	true	studentLifeData.ts:111; a club name; every club is worth the same 0.6 social (studentLifeData.ts:59,1148-1150)
data/studentLifeData.ts	CLUB_NAMES	Fencing Club	true	studentLifeData.ts:112; a club name; every club is worth the same 0.6 social (studentLifeData.ts:59,1148-1150)
data/studentLifeData.ts	CLUB_NAMES	Table Tennis Club	true	studentLifeData.ts:112; a club name; every club is worth the same 0.6 social (studentLifeData.ts:59,1148-1150)
data/studentLifeData.ts	CLUB_NAMES	Quiz Bowl Team	true	studentLifeData.ts:112; a club name; every club is worth the same 0.6 social (studentLifeData.ts:59,1148-1150)
data/studentLifeData.ts	CLUB_NAMES	Mathematics Circle	true	studentLifeData.ts:112; a club name; every club is worth the same 0.6 social (studentLifeData.ts:59,1148-1150)
data/studentLifeData.ts	CLUB_NAMES	Physics Society	true	studentLifeData.ts:112; a club name; every club is worth the same 0.6 social (studentLifeData.ts:59,1148-1150)
data/studentLifeData.ts	CLUB_NAMES	Chemistry Society	true	studentLifeData.ts:113; a club name; every club is worth the same 0.6 social (studentLifeData.ts:59,1148-1150)
data/studentLifeData.ts	CLUB_NAMES	Biology Society	true	studentLifeData.ts:113; a club name; every club is worth the same 0.6 social (studentLifeData.ts:59,1148-1150)
data/studentLifeData.ts	CLUB_NAMES	Geology Club	true	studentLifeData.ts:113; a club name; every club is worth the same 0.6 social (studentLifeData.ts:59,1148-1150)
data/studentLifeData.ts	CLUB_NAMES	Ornithology Society	true	studentLifeData.ts:113; a club name; every club is worth the same 0.6 social (studentLifeData.ts:59,1148-1150)
data/studentLifeData.ts	CLUB_NAMES	Beekeeping Club	true	studentLifeData.ts:113; a club name; every club is worth the same 0.6 social (studentLifeData.ts:59,1148-1150)
data/studentLifeData.ts	CLUB_NAMES	Gardening Collective	true	studentLifeData.ts:114; a club name; every club is worth the same 0.6 social (studentLifeData.ts:59,1148-1150)
data/studentLifeData.ts	CLUB_NAMES	Environmental Coalition	true	studentLifeData.ts:114; a club name; every club is worth the same 0.6 social (studentLifeData.ts:59,1148-1150)
data/studentLifeData.ts	CLUB_NAMES	Sustainability Council	true	studentLifeData.ts:114; a club name; every club is worth the same 0.6 social (studentLifeData.ts:59,1148-1150)
data/studentLifeData.ts	CLUB_NAMES	Cycling Advocacy Group	true	studentLifeData.ts:114; a club name; every club is worth the same 0.6 social (studentLifeData.ts:59,1148-1150)
data/studentLifeData.ts	CLUB_NAMES	Food Justice Network	true	studentLifeData.ts:114; a club name; every club is worth the same 0.6 social (studentLifeData.ts:59,1148-1150)
data/studentLifeData.ts	CLUB_NAMES	Volunteer Corps	true	studentLifeData.ts:115; a club name; every club is worth the same 0.6 social (studentLifeData.ts:59,1148-1150)
data/studentLifeData.ts	CLUB_NAMES	Tutoring Collective	true	studentLifeData.ts:115; a club name; every club is worth the same 0.6 social (studentLifeData.ts:59,1148-1150)
data/studentLifeData.ts	CLUB_NAMES	Mentorship Network	true	studentLifeData.ts:115; a club name; every club is worth the same 0.6 social (studentLifeData.ts:59,1148-1150)
data/studentLifeData.ts	CLUB_NAMES	Interfaith Council	true	studentLifeData.ts:115; a club name; every club is worth the same 0.6 social (studentLifeData.ts:59,1148-1150)
data/studentLifeData.ts	CLUB_NAMES	Philosophy Circle	true	studentLifeData.ts:115; a club name; every club is worth the same 0.6 social (studentLifeData.ts:59,1148-1150)
data/studentLifeData.ts	CLUB_NAMES	Classics Society	true	studentLifeData.ts:116; a club name; every club is worth the same 0.6 social (studentLifeData.ts:59,1148-1150)
data/studentLifeData.ts	CLUB_NAMES	History Society	true	studentLifeData.ts:116; a club name; every club is worth the same 0.6 social (studentLifeData.ts:59,1148-1150)
data/studentLifeData.ts	CLUB_NAMES	Archaeology Club	true	studentLifeData.ts:116; a club name; every club is worth the same 0.6 social (studentLifeData.ts:59,1148-1150)
data/studentLifeData.ts	CLUB_NAMES	Linguistics Circle	true	studentLifeData.ts:116; a club name; every club is worth the same 0.6 social (studentLifeData.ts:59,1148-1150)
data/studentLifeData.ts	CLUB_NAMES	Translation Workshop	true	studentLifeData.ts:116; a club name; every club is worth the same 0.6 social (studentLifeData.ts:59,1148-1150)
data/studentLifeData.ts	CLUB_NAMES	French Club	true	studentLifeData.ts:117; a club name; every club is worth the same 0.6 social (studentLifeData.ts:59,1148-1150)
data/studentLifeData.ts	CLUB_NAMES	Spanish Club	true	studentLifeData.ts:117; a club name; every club is worth the same 0.6 social (studentLifeData.ts:59,1148-1150)
data/studentLifeData.ts	CLUB_NAMES	German Club	true	studentLifeData.ts:117; a club name; every club is worth the same 0.6 social (studentLifeData.ts:59,1148-1150)
data/studentLifeData.ts	CLUB_NAMES	Japanese Culture Club	true	studentLifeData.ts:117; a club name; every club is worth the same 0.6 social (studentLifeData.ts:59,1148-1150)
data/studentLifeData.ts	CLUB_NAMES	Korean Culture Club	true	studentLifeData.ts:117; a club name; every club is worth the same 0.6 social (studentLifeData.ts:59,1148-1150)
data/studentLifeData.ts	CLUB_NAMES	Chinese Culture Club	true	studentLifeData.ts:118; a club name; every club is worth the same 0.6 social (studentLifeData.ts:59,1148-1150)
data/studentLifeData.ts	CLUB_NAMES	South Asian Students Association	true	studentLifeData.ts:118; a club name; every club is worth the same 0.6 social (studentLifeData.ts:59,1148-1150)
data/studentLifeData.ts	CLUB_NAMES	African Students Association	true	studentLifeData.ts:118; a club name; every club is worth the same 0.6 social (studentLifeData.ts:59,1148-1150)
data/studentLifeData.ts	CLUB_NAMES	Latin American Students Association	true	studentLifeData.ts:118; a club name; every club is worth the same 0.6 social (studentLifeData.ts:59,1148-1150)
data/studentLifeData.ts	CLUB_NAMES	Caribbean Students Association	true	studentLifeData.ts:118; a club name; every club is worth the same 0.6 social (studentLifeData.ts:59,1148-1150)
data/studentLifeData.ts	CLUB_NAMES	International Students Union	true	studentLifeData.ts:119; a club name; every club is worth the same 0.6 social (studentLifeData.ts:59,1148-1150)
data/studentLifeData.ts	CLUB_NAMES	First-Generation Students Network	true	studentLifeData.ts:119; a club name; every club is worth the same 0.6 social (studentLifeData.ts:59,1148-1150)
data/studentLifeData.ts	CLUB_NAMES	Veterans Association	true	studentLifeData.ts:119; a club name; every club is worth the same 0.6 social (studentLifeData.ts:59,1148-1150)
data/studentLifeData.ts	CLUB_NAMES	Disability Advocacy Group	true	studentLifeData.ts:119; a club name; every club is worth the same 0.6 social (studentLifeData.ts:59,1148-1150)
data/studentLifeData.ts	CLUB_NAMES	Pride Alliance	true	studentLifeData.ts:119; a club name; every club is worth the same 0.6 social (studentLifeData.ts:59,1148-1150)
data/studentLifeData.ts	CLUB_NAMES	Women in Engineering	true	studentLifeData.ts:120; a club name; every club is worth the same 0.6 social (studentLifeData.ts:59,1148-1150)
data/studentLifeData.ts	CLUB_NAMES	Women in Science	true	studentLifeData.ts:120; a club name; every club is worth the same 0.6 social (studentLifeData.ts:59,1148-1150)
data/studentLifeData.ts	CLUB_NAMES	Pre-Law Society	true	studentLifeData.ts:120; a club name; every club is worth the same 0.6 social (studentLifeData.ts:59,1148-1150)
data/studentLifeData.ts	CLUB_NAMES	Pre-Medical Society	true	studentLifeData.ts:120; a club name; every club is worth the same 0.6 social (studentLifeData.ts:59,1148-1150)
data/studentLifeData.ts	CLUB_NAMES	Entrepreneurship Club	true	studentLifeData.ts:120; a club name; every club is worth the same 0.6 social (studentLifeData.ts:59,1148-1150)
data/studentLifeData.ts	CLUB_NAMES	Investment Club	true	studentLifeData.ts:121; a club name; every club is worth the same 0.6 social (studentLifeData.ts:59,1148-1150)
data/studentLifeData.ts	CLUB_NAMES	Consulting Group	true	studentLifeData.ts:121; a club name; every club is worth the same 0.6 social (studentLifeData.ts:59,1148-1150)
data/studentLifeData.ts	CLUB_NAMES	Accounting Society	true	studentLifeData.ts:121; a club name; every club is worth the same 0.6 social (studentLifeData.ts:59,1148-1150)
data/studentLifeData.ts	CLUB_NAMES	Marketing Association	true	studentLifeData.ts:121; a club name; every club is worth the same 0.6 social (studentLifeData.ts:59,1148-1150)
data/studentLifeData.ts	CLUB_NAMES	Data Science Club	true	studentLifeData.ts:121; a club name; every club is worth the same 0.6 social (studentLifeData.ts:59,1148-1150)
data/studentLifeData.ts	CLUB_NAMES	Cybersecurity Club	true	studentLifeData.ts:122; a club name; every club is worth the same 0.6 social (studentLifeData.ts:59,1148-1150)
data/studentLifeData.ts	CLUB_NAMES	Game Development Club	true	studentLifeData.ts:122; a club name; every club is worth the same 0.6 social (studentLifeData.ts:59,1148-1150)
data/studentLifeData.ts	CLUB_NAMES	Board Games Society	true	studentLifeData.ts:122; a club name; every club is worth the same 0.6 social (studentLifeData.ts:59,1148-1150)
data/studentLifeData.ts	CLUB_NAMES	Anime Society	true	studentLifeData.ts:122; a club name; every club is worth the same 0.6 social (studentLifeData.ts:59,1148-1150); counts as an arts club for the Artsy tag (tags.ts:63)
data/studentLifeData.ts	CLUB_NAMES	Comics Collective	true	studentLifeData.ts:122; a club name; every club is worth the same 0.6 social (studentLifeData.ts:59,1148-1150); counts as an arts club for the Artsy tag (tags.ts:63)
data/studentLifeData.ts	CLUB_NAMES	Knitting Circle	true	studentLifeData.ts:123; a club name; every club is worth the same 0.6 social (studentLifeData.ts:59,1148-1150)
data/studentLifeData.ts	CLUB_NAMES	Baking Club	true	studentLifeData.ts:123; a club name; every club is worth the same 0.6 social (studentLifeData.ts:59,1148-1150)
data/studentLifeData.ts	CLUB_NAMES	Coffee Society	true	studentLifeData.ts:123; a club name; every club is worth the same 0.6 social (studentLifeData.ts:59,1148-1150)
data/studentLifeData.ts	CLUB_NAMES	Tea Appreciation Society	true	studentLifeData.ts:123; a club name; every club is worth the same 0.6 social (studentLifeData.ts:59,1148-1150)
data/studentLifeData.ts	CLUB_NAMES	Cooking Collective	true	studentLifeData.ts:123; a club name; every club is worth the same 0.6 social (studentLifeData.ts:59,1148-1150)
data/studentLifeData.ts	SPORT soccer	Soccer Club / Team (men, women)	true	studentLifeData.ts:203; club and team names from SPORTS (:247-259); plays at athleticsField
data/studentLifeData.ts	SPORT lacrosse	Lacrosse Club / Team (men, women)	true	studentLifeData.ts:204; club and team names from SPORTS (:247-259); plays at athleticsField
data/studentLifeData.ts	SPORT fieldHockey	Field Hockey Club / Team (women)	true	studentLifeData.ts:205; club and team names from SPORTS (:247-259); plays at athleticsField
data/studentLifeData.ts	SPORT basketball	Basketball Club / Team (men, women)	true	studentLifeData.ts:206; club and team names from SPORTS (:247-259); plays at athleticsArena
data/studentLifeData.ts	SPORT volleyball	Volleyball Club / Team (men, women)	true	studentLifeData.ts:207; club and team names from SPORTS (:247-259); plays at athleticsArena
data/studentLifeData.ts	SPORT baseball	Baseball Club / Team (men)	true	studentLifeData.ts:208; club and team names from SPORTS (:247-259); plays at athleticsDiamond
data/studentLifeData.ts	SPORT softball	Softball Club / Team (women)	true	studentLifeData.ts:209; club and team names from SPORTS (:247-259); plays at athleticsDiamond
data/studentLifeData.ts	SPORT swimming	Swim & Dive Club / Team (men, women)	true	studentLifeData.ts:210; club and team names from SPORTS (:247-259); plays at athleticsNatatorium
data/studentLifeData.ts	SPORT football	Football Club / Team (men)	true	studentLifeData.ts:211; club and team names from SPORTS (:247-259); plays at footballStadium
data/studentLifeData.ts	SPORT track	Track & Field Club / Team (men, women)	true	studentLifeData.ts:212; club and team names from SPORTS (:247-259); plays at athleticsField
data/studentLifeData.ts	SPORT iceHockey	Ice Hockey Club / Team (men, women)	true	studentLifeData.ts:216; club and team names from SPORTS (:247-259); plays at athleticsArena
data/studentLifeData.ts	SPORT waterPolo	Water Polo Club / Team (men, women)	true	studentLifeData.ts:218; club and team names from SPORTS (:247-259); plays at athleticsNatatorium
data/studentLifeData.ts	MASCOT_SUGGESTIONS	Badgers	true	studentLifeData.ts:533; a suggestion for the mascot name, no effect
data/studentLifeData.ts	MASCOT_SUGGESTIONS	Bobcats	true	studentLifeData.ts:533; a suggestion for the mascot name, no effect
data/studentLifeData.ts	MASCOT_SUGGESTIONS	Bulldogs	true	studentLifeData.ts:533; a suggestion for the mascot name, no effect
data/studentLifeData.ts	MASCOT_SUGGESTIONS	Cardinals	true	studentLifeData.ts:533; a suggestion for the mascot name, no effect
data/studentLifeData.ts	MASCOT_SUGGESTIONS	Cougars	true	studentLifeData.ts:533; a suggestion for the mascot name, no effect
data/studentLifeData.ts	MASCOT_SUGGESTIONS	Coyotes	true	studentLifeData.ts:533; a suggestion for the mascot name, no effect
data/studentLifeData.ts	MASCOT_SUGGESTIONS	Eagles	true	studentLifeData.ts:534; a suggestion for the mascot name, no effect
data/studentLifeData.ts	MASCOT_SUGGESTIONS	Falcons	true	studentLifeData.ts:534; a suggestion for the mascot name, no effect
data/studentLifeData.ts	MASCOT_SUGGESTIONS	Foxes	true	studentLifeData.ts:534; a suggestion for the mascot name, no effect
data/studentLifeData.ts	MASCOT_SUGGESTIONS	Grizzlies	true	studentLifeData.ts:534; a suggestion for the mascot name, no effect
data/studentLifeData.ts	MASCOT_SUGGESTIONS	Hawks	true	studentLifeData.ts:534; a suggestion for the mascot name, no effect
data/studentLifeData.ts	MASCOT_SUGGESTIONS	Herons	true	studentLifeData.ts:534; a suggestion for the mascot name, no effect
data/studentLifeData.ts	MASCOT_SUGGESTIONS	Ibises	true	studentLifeData.ts:535; a suggestion for the mascot name, no effect
data/studentLifeData.ts	MASCOT_SUGGESTIONS	Jackals	true	studentLifeData.ts:535; a suggestion for the mascot name, no effect
data/studentLifeData.ts	MASCOT_SUGGESTIONS	Kestrels	true	studentLifeData.ts:535; a suggestion for the mascot name, no effect
data/studentLifeData.ts	MASCOT_SUGGESTIONS	Lynx	true	studentLifeData.ts:535; a suggestion for the mascot name, no effect
data/studentLifeData.ts	MASCOT_SUGGESTIONS	Magpies	true	studentLifeData.ts:535; a suggestion for the mascot name, no effect
data/studentLifeData.ts	MASCOT_SUGGESTIONS	Mustangs	true	studentLifeData.ts:535; a suggestion for the mascot name, no effect
data/studentLifeData.ts	MASCOT_SUGGESTIONS	Ospreys	true	studentLifeData.ts:536; a suggestion for the mascot name, no effect
data/studentLifeData.ts	MASCOT_SUGGESTIONS	Otters	true	studentLifeData.ts:536; a suggestion for the mascot name, no effect
data/studentLifeData.ts	MASCOT_SUGGESTIONS	Owls	true	studentLifeData.ts:536; a suggestion for the mascot name, no effect
data/studentLifeData.ts	MASCOT_SUGGESTIONS	Panthers	true	studentLifeData.ts:536; a suggestion for the mascot name, no effect
data/studentLifeData.ts	MASCOT_SUGGESTIONS	Pumas	true	studentLifeData.ts:536; a suggestion for the mascot name, no effect
data/studentLifeData.ts	MASCOT_SUGGESTIONS	Ravens	true	studentLifeData.ts:536; a suggestion for the mascot name, no effect
data/studentLifeData.ts	MASCOT_SUGGESTIONS	Stags	true	studentLifeData.ts:537; a suggestion for the mascot name, no effect
data/studentLifeData.ts	MASCOT_SUGGESTIONS	Storks	true	studentLifeData.ts:537; a suggestion for the mascot name, no effect
data/studentLifeData.ts	MASCOT_SUGGESTIONS	Terriers	true	studentLifeData.ts:537; a suggestion for the mascot name, no effect
data/studentLifeData.ts	MASCOT_SUGGESTIONS	Thunderhawks	true	studentLifeData.ts:537; a suggestion for the mascot name, no effect
data/studentLifeData.ts	MASCOT_SUGGESTIONS	Timberwolves	true	studentLifeData.ts:537; a suggestion for the mascot name, no effect
data/studentLifeData.ts	MASCOT_SUGGESTIONS	Wolverines	true	studentLifeData.ts:537; a suggestion for the mascot name, no effect
data/studentLifeData.ts	MASCOT_SUGGESTIONS	Anchors	true	studentLifeData.ts:538; a suggestion for the mascot name, no effect
data/studentLifeData.ts	MASCOT_SUGGESTIONS	Anvils	true	studentLifeData.ts:538; a suggestion for the mascot name, no effect
data/studentLifeData.ts	MASCOT_SUGGESTIONS	Argonauts	true	studentLifeData.ts:538; a suggestion for the mascot name, no effect
data/studentLifeData.ts	MASCOT_SUGGESTIONS	Blacksmiths	true	studentLifeData.ts:538; a suggestion for the mascot name, no effect
data/studentLifeData.ts	MASCOT_SUGGESTIONS	Cartographers	true	studentLifeData.ts:538; a suggestion for the mascot name, no effect
data/studentLifeData.ts	MASCOT_SUGGESTIONS	Chancellors	true	studentLifeData.ts:538; a suggestion for the mascot name, no effect
data/studentLifeData.ts	MASCOT_SUGGESTIONS	Comets	true	studentLifeData.ts:539; a suggestion for the mascot name, no effect
data/studentLifeData.ts	MASCOT_SUGGESTIONS	Explorers	true	studentLifeData.ts:539; a suggestion for the mascot name, no effect
data/studentLifeData.ts	MASCOT_SUGGESTIONS	Founders	true	studentLifeData.ts:539; a suggestion for the mascot name, no effect
data/studentLifeData.ts	MASCOT_SUGGESTIONS	Lamplighters	true	studentLifeData.ts:539; a suggestion for the mascot name, no effect
data/studentLifeData.ts	MASCOT_SUGGESTIONS	Mariners	true	studentLifeData.ts:539; a suggestion for the mascot name, no effect
data/studentLifeData.ts	MASCOT_SUGGESTIONS	Miners	true	studentLifeData.ts:539; a suggestion for the mascot name, no effect
data/studentLifeData.ts	MASCOT_SUGGESTIONS	Pioneers	true	studentLifeData.ts:540; a suggestion for the mascot name, no effect
data/studentLifeData.ts	MASCOT_SUGGESTIONS	Prospectors	true	studentLifeData.ts:540; a suggestion for the mascot name, no effect
data/studentLifeData.ts	MASCOT_SUGGESTIONS	Quarriers	true	studentLifeData.ts:540; a suggestion for the mascot name, no effect
data/studentLifeData.ts	MASCOT_SUGGESTIONS	Scholars	true	studentLifeData.ts:540; a suggestion for the mascot name, no effect
data/studentLifeData.ts	MASCOT_SUGGESTIONS	Sentinels	true	studentLifeData.ts:540; a suggestion for the mascot name, no effect
data/studentLifeData.ts	MASCOT_SUGGESTIONS	Surveyors	true	studentLifeData.ts:540; a suggestion for the mascot name, no effect
data/studentLifeData.ts	MASCOT_SUGGESTIONS	Tempest	true	studentLifeData.ts:541; a suggestion for the mascot name, no effect
data/studentLifeData.ts	MASCOT_SUGGESTIONS	Wardens	true	studentLifeData.ts:541; a suggestion for the mascot name, no effect
data/researchData.ts	SHARED_FUNDERS	the Kellner Foundation	true	researchData.ts:125; funder name, flavor only (researchData.ts:102-104); rolled by rollGrantFunder/rollPrizeName (researchSystem.ts:66,117)
data/researchData.ts	SHARED_FUNDERS	a federal research council	true	researchData.ts:126; funder name, flavor only (researchData.ts:102-104); rolled by rollGrantFunder/rollPrizeName (researchSystem.ts:66,117)
data/researchData.ts	SHARED_FUNDERS	the Marchmont Trust	true	researchData.ts:127; funder name, flavor only (researchData.ts:102-104); rolled by rollGrantFunder/rollPrizeName (researchSystem.ts:66,117)
data/researchData.ts	SHARED_FUNDERS	the Halvorsen Endowment	true	researchData.ts:128; funder name, flavor only (researchData.ts:102-104); rolled by rollGrantFunder/rollPrizeName (researchSystem.ts:66,117)
data/researchData.ts	SHARED_PRIZES	the Halvorsen Prize	true	researchData.ts:133; prize name, flavor only (researchData.ts:102-104); rolled by rollGrantFunder/rollPrizeName (researchSystem.ts:66,117)
data/researchData.ts	SHARED_PRIZES	the Marchmont Medal	true	researchData.ts:134; prize name, flavor only (researchData.ts:102-104); rolled by rollGrantFunder/rollPrizeName (researchSystem.ts:66,117)
data/researchData.ts	SHARED_PRIZES	the Ravensmoor Prize	true	researchData.ts:135; prize name, flavor only (researchData.ts:102-104); rolled by rollGrantFunder/rollPrizeName (researchSystem.ts:66,117)
data/researchData.ts	SHARED_PRIZES	the International Prize for Advancement of Knowledge	true	researchData.ts:136; prize name, flavor only (researchData.ts:102-104); rolled by rollGrantFunder/rollPrizeName (researchSystem.ts:66,117)
data/researchData.ts	DEFAULT_VOCAB funders	the Federal Science Council	true	researchData.ts:159; funder name, flavor only (researchData.ts:102-104,118-120)
data/researchData.ts	DEFAULT_VOCAB funders	an industrial research consortium	true	researchData.ts:159; funder name, flavor only (researchData.ts:102-104,118-120)
data/researchData.ts	DEFAULT_VOCAB prizes	the Kellner Award for Scientific Achievement	true	researchData.ts:160; prize name, flavor only (researchData.ts:102-104,118-120)
data/researchData.ts	DISCIPLINE_VOCAB funders	the Federal Humanities Council	true	researchData.ts:170; funder name, flavor only (researchData.ts:102-104,118-120)
data/researchData.ts	DISCIPLINE_VOCAB funders	the Ravensmoor Library Fellowship	true	researchData.ts:170; funder name, flavor only (researchData.ts:102-104,118-120)
data/researchData.ts	DISCIPLINE_VOCAB prizes	the Ashcombe Prize for Historical Scholarship	true	researchData.ts:171; prize name, flavor only (researchData.ts:102-104,118-120); can be awarded for a philosophy, sociology or political-science topic hosted in the Humanities Research Institute (researchData.ts:210-222)
data/researchData.ts	DISCIPLINE_VOCAB funders	a central bank research office	true	researchData.ts:177; funder name, flavor only (researchData.ts:102-104,118-120)
data/researchData.ts	DISCIPLINE_VOCAB funders	the Institute for Economic Research	true	researchData.ts:177; funder name, flavor only (researchData.ts:102-104,118-120)
data/researchData.ts	DISCIPLINE_VOCAB prizes	the Ashcombe Medal in Economic Sciences	true	researchData.ts:178; prize name, flavor only (researchData.ts:102-104,118-120)
data/researchData.ts	DISCIPLINE_VOCAB funders	the National Arts Council	true	researchData.ts:184; funder name, flavor only (researchData.ts:102-104,118-120)
data/researchData.ts	DISCIPLINE_VOCAB funders	the Delacourt Film Fund	true	researchData.ts:184; funder name, flavor only (researchData.ts:102-104,118-120)
data/researchData.ts	DISCIPLINE_VOCAB prizes	the Delacourt Award for Artistic Achievement	true	researchData.ts:185; prize name, flavor only (researchData.ts:102-104,118-120)
data/researchData.ts	DISCIPLINE_VOCAB funders	the Federal Science Council	true	researchData.ts:191; funder name, flavor only (researchData.ts:102-104,118-120)
data/researchData.ts	DISCIPLINE_VOCAB funders	a technology research consortium	true	researchData.ts:191; funder name, flavor only (researchData.ts:102-104,118-120)
data/researchData.ts	DISCIPLINE_VOCAB prizes	the Vance Prize in Computing	true	researchData.ts:192; prize name, flavor only (researchData.ts:102-104,118-120)
data/researchData.ts	DISCIPLINE_VOCAB funders	a defense research agency	true	researchData.ts:198; funder name, flavor only (researchData.ts:102-104,118-120)
data/researchData.ts	DISCIPLINE_VOCAB funders	an industrial research consortium	true	researchData.ts:198; funder name, flavor only (researchData.ts:102-104,118-120)
data/researchData.ts	DISCIPLINE_VOCAB prizes	the Kellner Award for Scientific Achievement	true	researchData.ts:199; prize name, flavor only (researchData.ts:102-104,118-120)
data/researchData.ts	DISCIPLINE_VOCAB funders	the Institute of Health Sciences	true	researchData.ts:205; funder name, flavor only (researchData.ts:102-104,118-120)
data/researchData.ts	DISCIPLINE_VOCAB funders	a medical research charity	true	researchData.ts:205; funder name, flavor only (researchData.ts:102-104,118-120)
data/researchData.ts	DISCIPLINE_VOCAB prizes	the Kellner Award for Medicine	true	researchData.ts:206; prize name, flavor only (researchData.ts:102-104,118-120)
